Country Name,Country Code,Indicator Name,Indicator Code,1960,1961,1962,1963,1964,1965,1966,1967,1968,1969,1970,1971,1972,1973,1974,1975,1976,1977,1978,1979,1980,1981,1982,1983,1984,1985,1986,1987,1988,1989,1990,1991,1992,1993,1994,1995,1996,1997,1998,1999,2000,2001,2002,2003,2004,2005,2006,2007,2008,2009,2010,2011,2012,2013,2014,2015,2016,2017,2018,2019,2020,2021,2022,2023,2024
Aruba,ABW,Renewable energy consumption (% of total final energy consumption),EG.FEC.RNEW.ZS,,,,,,,,,,,,,,,,,,,,,,,,,,,,,,,0.3,0.2,0.2,0.2,0.2,0.2,0.2,0.2,0.2,0.2,0.2,0.2,0.2,0.2,0.2,0.2,0.2,0.2,0.2,0.3,5.5,5.7,6.9,6.9,6.9,6.7,7,6.8,8.6,8.3,9.1,8.8,8.8,,
Africa Eastern and Southern,AFE,Renewable energy consumption (% of total final energy consumption),EG.FEC.RNEW.ZS,,,,,,,,,,,,,,,,,,,,,,,,,,,,,,,60.84240429,62.13329523,63.9407887,64.65196491,65.14506698,64.72153518,63.92927227,63.24129341,63.96209623,65.05840084,65.38586653,65.81736278,65.09928118,64.6151242,63.67803507,63.10909827,62.73812357,61.50516866,61.90802661,61.30460063,62.87638681,62.80527916,61.4099643,60.80179905,61.23588169,61.67027805,61.82288419,61.42694976,61.58752983,62.69070961,65.7823798,,,,
Afghanistan,AFG,Renewable energy consumption (% of total final energy consumption),EG.FEC.RNEW.ZS,,,,,,,,,,,,,,,,,,,,,,,,,,,,,,,23,23.7,27.4,28.5,30.1,31.8,33.9,36.4,38,43.4,45,45.6,37.8,36.7,44.2,33.9,31.9,28.8,21.2,16.5,15.2,12.6,15.4,16.9,19.1,17.7,20.2,19.5,18.3,18.9,18.2,20,20,,
Africa Western and Central,AFW,Renewable energy consumption (% of total final energy consumption),EG.FEC.RNEW.ZS,,,,,,,,,,,,,,,,,,,,,,,,,,,,,,,85.89544211,85.26207422,83.81832418,85.10323232,86.55768527,86.14809398,85.11864817,83.91105853,84.63453655,84.00503908,83.10151249,81.93924286,81.73552798,80.71044977,80.79053673,80.93403364,81.87330983,82.33001495,81.21117027,82.39021326,80.68780622,79.28228706,78.48123,76.70149874,75.74100888,76.18167052,75.79683983,76.10168059,75.47657774,75.07878817,75.8469801,,,,
Angola,AGO,Renewable energy consumption (% of total final energy consumption),EG.FEC.RNEW.ZS,,,,,,,,,,,,,,,,,,,,,,,,,,,,,,,72.3,71.9,72.7,71.3,72.2,73.8,72.9,73.4,76.4,72.8,73.8,72.8,70.8,65.6,62.3,68.9,62.6,58.9,55.4,53,53.1,51.7,49,46.8,47.5,47.1,48.1,52.5,52.5,51,60.1,52.9,,,
Albania,ALB,Renewable energy consumption (% of total final energy consumption),EG.FEC.RNEW.ZS,,,,,,,,,,,,,,,,,,,,,,,,,,,,,,,25.5,33,46.8,51.1,51.4,50.6,51.6,55.9,49.9,42.6,41.4,39,35.8,33.7,35.8,36.8,31.6,32,35.8,37.1,37,35.8,39.9,41.1,38.6,38.5,39.4,36.9,37.8,40.1,44.4,41.9,,,
Andorra,AND,Renewable energy consumption (% of total final energy consumption),EG.FEC.RNEW.ZS,,,,,,,,,,,,,,,,,,,,,,,,,,,,,,,14.1,14.1,14.1,13.7,14.4,14.3,13.9,14,14.2,14.3,14.5,15.4,15.8,16.5,16.6,16.6,17.6,16.6,17,17.1,18.7,18.6,18.8,19.1,19.4,19,18.9,18,17.6,17.2,20.9,18.4,18.7,,
Arab World,ARB,Renewable energy consumption (% of total final energy consumption),EG.FEC.RNEW.ZS,,,,,,,,,,,,,,,,,,,,,,,,,,,,,,,7.556752547,7.481364951,7.13008317,6.881762923,7.04010373,6.91827671,6.979327207,7.005248221,6.855430547,6.842374561,6.686209179,6.515987352,6.359882262,6.465954946,6.741183514,6.404486709,6.195647096,5.600045779,5.131308702,5.055222382,4.835621592,4.659462839,4.444282183,4.483237394,4.351372451,4.214969412,4.290777562,4.358161798,4.504258234,4.70633158,5.170600734,,,,
United Arab Emirates,ARE,Renewable energy consumption (% of total final energy consumption),EG.FEC.RNEW.ZS,,,,,,,,,,,,,,,,,,,,,,,,,,,,,,,0,0,0.2,0.1,0.1,0.1,0.1,0.1,0.1,0.1,0.1,0.1,0.1,0.1,0.1,0.1,0.1,0.1,0.1,0.1,0.1,0.1,0.1,0.1,0.1,0.1,0.1,0.2,0.3,0.7,0.9,1,,,
Argentina,ARG,Renewable energy consumption (% of total final energy consumption),EG.FEC.RNEW.ZS,,,,,,,,,,,,,,,,,,,,,,,,,,,,,,,8.6,8.4,9,9.7,10,10.2,8.6,9.7,9.6,8.8,9.8,11.5,11.6,10.8,9.3,9.6,9.2,7.7,7.7,8.6,8.8,8.8,8.6,8.9,9.8,9.4,9.4,10.4,10.5,10.7,9.8,9.2,,,
Armenia,ARM,Renewable energy consumption (% of total final energy consumption),EG.FEC.RNEW.ZS,,,,,,,,,,,,,,,,,,,,,,,,,,,,,,,2.1,2.3,6.7,12.9,17.8,9.3,12.5,10.1,9.4,8.4,7.2,5.4,8.9,9.8,8.7,6.5,7.7,7,6.4,7.8,9.4,8,6.6,6.8,7.1,10.7,13.2,12.6,11.1,10.3,8.4,9.1,,,
American Samoa,ASM,Renewable energy consumption (% of total final energy consumption),EG.FEC.RNEW.ZS,,,,,,,,,,,,,,,,,,,,,,,,,,,,,,,0,0,0,0,0,0,0,0,0,0,0,0,0,0,0,0,0,0,0,0,0,0,0.1,0.2,0.2,0.2,0.2,0.3,0.3,0.4,0.4,0.4,0.4,,
Antigua and Barbuda,ATG,Renewable energy consumption (% of total final energy consumption),EG.FEC.RNEW.ZS,,,,,,,,,,,,,,,,,,,,,,,,,,,,,,,0,0,0,0,0,0,0,0,0,0,0,0,0,0,0,0,0,0,0,0,0,0.1,0.1,0.1,0.1,0.4,0.4,0.4,0.7,0.7,0.9,0.9,0.9,,
Australia,AUS,Renewable energy consumption (% of total final energy consumption),EG.FEC.RNEW.ZS,,,,,,,,,,,,,,,,,,,,,,,,,,,,,,,8,8.2,7.5,8.6,8.3,8.2,8.9,9.1,8.6,8.5,8.4,8.4,8.7,7.2,6.7,6.7,6.8,7,6.8,7.1,8.2,8.3,8.3,9.2,9.3,9.4,9.6,9.9,9.8,10.3,11.2,12.3,,,
Austria,AUT,Renewable energy consumption (% of total final energy consumption),EG.FEC.RNEW.ZS,,,,,,,,,,,,,,,,,,,,,,,,,,,,,,,25.2,24.5,26.2,26.4,25.7,25.7,24.1,24.9,24.5,26.5,26.4,25.5,24.7,22.6,23.2,24.4,26.6,29,29.7,31.3,31.1,31.6,34.4,34.6,35.7,34.8,34.6,34,34.1,34,35.8,36,,,
Azerbaijan,AZE,Renewable energy consumption (% of total final energy consumption),EG.FEC.RNEW.ZS,,,,,,,,,,,,,,,,,,,,,,,,,,,,,,,0.7,0.8,1.2,2,1.5,1.4,1.7,2,2.5,2.1,2.1,1.8,2.4,2.9,3.1,3.4,2.9,3.8,3.1,3.3,4.4,3.5,2.8,2.5,2.1,2.3,1.9,1.9,1.9,1.7,1.3,1.3,,,
Burundi,BDI,Renewable energy consumption (% of total final energy consumption),EG.FEC.RNEW.ZS,,,,,,,,,,,,,,,,,,,,,,,,,,,,,,,94.6,93.5,94.3,94,93.9,93.7,93.5,93.4,93.2,93.8,93.2,94.7,94.6,95.8,96,96,95.3,95.3,95,94.6,93.2,92.1,91.7,90.8,91.3,91.2,89.6,88.2,85.7,84.8,83.4,83.1,83,,
Belgium,BEL,Renewable energy consumption (% of total final energy consumption),EG.FEC.RNEW.ZS,,,,,,,,,,,,,,,,,,,,,,,,,,,,,,,1.3,1.2,1.2,1,0.9,1.3,1.2,1.1,1.3,1.4,1.4,1.6,1.7,1.9,2,2.5,2.9,3.4,4,4.9,6.2,6.7,7.7,8.3,9.1,9.4,9.2,9.7,10.7,10.2,12.3,11.7,,,
Benin,BEN,Renewable energy consumption (% of total final energy consumption),EG.FEC.RNEW.ZS,,,,,,,,,,,,,,,,,,,,,,,,,,,,,,,93.7,95,94.8,95,95,94.8,84.2,80.6,79.6,76.9,70.3,66.9,64,61.7,60.7,59.2,57.3,54.5,54.8,52.8,47.2,48.7,50.3,52,51,49.9,45.4,45.4,44,46.5,46.2,54.5,,,
Burkina Faso,BFA,Renewable energy consumption (% of total final energy consumption),EG.FEC.RNEW.ZS,,,,,,,,,,,,,,,,,,,,,,,,,,,,,,,86.3,86.1,86.4,86.3,86.2,86.4,85.8,85.2,84.1,83.1,83.9,81.7,81.8,80.8,82,85.4,84.8,82.9,83.5,83.3,82.1,81.4,79.2,78.7,78.9,78.8,77.1,74.6,73.7,72.7,73.1,71.2,71.4,,
Bangladesh,BGD,Renewable energy consumption (% of total final energy consumption),EG.FEC.RNEW.ZS,,,,,,,,,,,,,,,,,,,,,,,,,,,,,,,71.7,73.1,71.6,70.5,69,63.8,62.1,60,60.2,60.5,60.2,55.9,54.4,52.6,52,50.6,48.6,47.2,45.2,43.1,40.3,38.4,37.3,37,35.4,33.1,30.2,28.1,27,26.1,27.2,25,,,
Bulgaria,BGR,Renewable energy consumption (% of total final energy consumption),EG.FEC.RNEW.ZS,,,,,,,,,,,,,,,,,,,,,,,,,,,,,,,1.8,2.2,2.6,2.4,2.3,3,3.5,3.8,5.8,6.6,8,7.2,8.7,9.2,9.6,9.8,10,8.8,9.9,11.6,14.3,13.2,15.6,18.2,17.1,17.9,17.7,17.1,19.6,19.3,21.1,20.4,,,
Bahrain,BHR,Renewable energy consumption (% of total final energy consumption),EG.FEC.RNEW.ZS,,,,,,,,,,,,,,,,,,,,,,,,,,,,,,,0,0,0,0,0,0,0,0,0,0,0,0,0,0,0,0,0,0,0,0,0,0,0,0,0,0,0,0,0,0,0,0,,,
"Bahamas, The",BHS,Renewable energy consumption (% of total final energy consumption),EG.FEC.RNEW.ZS,,,,,,,,,,,,,,,,,,,,,,,,,,,,,,,0,0,0,0,0,0,0,0,0,0,0,0.4,0.4,1.5,1.6,1.7,2,3.5,2,1.5,1.3,1.4,1.4,1.4,1.4,1.4,1.2,1.1,1.1,1.1,1.4,1.1,1.1,,
Bosnia and Herzegovina,BIH,Renewable energy consumption (% of total final energy consumption),EG.FEC.RNEW.ZS,,,,,,,,,,,,,,,,,,,,,,,,,,,,,,,7.3,8.8,11.6,14.6,33.4,33.2,32.9,27.6,26.7,28.4,19.4,20.3,21.2,20.1,20.1,19.7,18.1,14.8,14.3,17.4,19.6,14.2,15.3,19.5,23.6,25.2,23,18.5,35.4,36.8,37.7,36.6,,,
Belarus,BLR,Renewable energy consumption (% of total final energy consumption),EG.FEC.RNEW.ZS,,,,,,,,,,,,,,,,,,,,,,,,,,,,,,,0.9,1,1.2,1.4,2.3,2.8,3.5,3.8,4.1,4.5,5.7,6.3,6.5,6.2,6.3,6.8,7.2,7.3,7.1,7.4,7.3,7.5,7.2,7,6.7,6.8,6.7,7.3,7.2,7.8,8.4,8.2,,,
Belize,BLZ,Renewable energy consumption (% of total final energy consumption),EG.FEC.RNEW.ZS,,,,,,,,,,,,,,,,,,,,,,,,,,,,,,,38,32.4,36.3,35.6,34.1,34.9,42.7,36.7,35.3,35.9,34.5,23.9,25.7,24.4,26.3,25.6,32.7,28,29.8,25.1,29.4,42.2,47.9,38,37.4,30.3,33.3,37.2,35.5,30.4,31.4,26.6,30.8,,
Bermuda,BMU,Renewable energy consumption (% of total final energy consumption),EG.FEC.RNEW.ZS,,,,,,,,,,,,,,,,,,,,,,,,,,,,,,,0,0,0,0,0,0.3,0.4,0.4,0.4,0.5,0.5,0.5,0.5,0.5,0.5,0.5,0.4,0.5,0.5,0.4,0.4,0.4,0.4,1.5,0.4,0.6,1.1,0.6,0.7,0.8,0.9,0.9,0.9,,
Bolivia,BOL,Renewable energy consumption (% of total final energy consumption),EG.FEC.RNEW.ZS,,,,,,,,,,,,,,,,,,,,,,,,,,,,,,,37,38.1,36.9,36.9,35.2,33.2,32.4,32,30.6,30.8,29.2,29,28.1,27,25.8,24.6,23.7,22.1,21.3,20.6,19.9,18.1,17.4,16,15,14.2,13.6,14.3,14.3,13.5,16.9,12.8,,,
Brazil,BRA,Renewable energy consumption (% of total final energy consumption),EG.FEC.RNEW.ZS,,,,,,,,,,,,,,,,,,,,,,,,,,,,,,,49.8,48.9,48.7,48.2,48.3,46.1,44.5,43.7,43.8,44,42.7,41.3,42.9,45.1,45.2,46.1,46.7,47.2,47,48.9,46.8,45.2,43.5,42.3,41.7,43.7,45.4,45.3,46.9,47.5,50,46.5,,,
Barbados,BRB,Renewable energy consumption (% of total final energy consumption),EG.FEC.RNEW.ZS,,,,,,,,,,,,,,,,,,,,,,,,,,,,,,,17.5,16.9,15.7,14.2,13.8,14.4,15.2,14.3,10.6,11.3,11.9,10.8,9.8,8.6,8.7,8.7,8.8,8.6,7.6,8.5,8.2,4.1,3.8,3.1,3,3,2.8,4.3,4.9,3.4,4.7,5.5,5.5,,
Brunei Darussalam,BRN,Renewable energy consumption (% of total final energy consumption),EG.FEC.RNEW.ZS,,,,,,,,,,,,,,,,,,,,,,,,,,,,,,,0.7,0.4,0.2,0,0,0,0,0,0,0,0,0,0,0,0,0,0,0,0,0,0,0,0,0,0,0,0,0,0,0,0,0,,,
Bhutan,BTN,Renewable energy consumption (% of total final energy consumption),EG.FEC.RNEW.ZS,,,,,,,,,,,,,,,,,,,,,,,,,,,,,,,95.9,95.9,95.3,95.9,95.3,94.4,93.2,91.3,91.5,91.6,91.4,90.2,89.7,89.7,90.9,88.7,91.6,92,87.8,87.8,84.8,84.9,82.8,81.7,82.1,81.6,80.8,79.7,80,81,83.9,81.8,82.5,,
Botswana,BWA,Renewable energy consumption (% of total final energy consumption),EG.FEC.RNEW.ZS,,,,,,,,,,,,,,,,,,,,,,,,,,,,,,,49,49.5,46.1,47.3,49.8,48.9,46.4,45.8,39.2,41.6,38.5,37.5,36.1,36.2,34.3,33,31.8,29,27.8,28.9,29.9,28.9,27.8,26.7,25.8,26.1,26.7,26.7,25.6,26.2,27.7,27.4,,,
Central African Republic,CAF,Renewable energy consumption (% of total final energy consumption),EG.FEC.RNEW.ZS,,,,,,,,,,,,,,,,,,,,,,,,,,,,,,,93.9,94.1,94.1,93.8,93.2,93,91.7,91.9,89,89,88.9,88.9,89.2,90.2,90.6,91,90.8,90.9,93.6,93.9,93.8,93.3,93.1,95.1,94.8,92.9,92.1,91.6,91.4,91.3,90.9,90.9,90.9,,
Canada,CAN,Renewable energy consumption (% of total final energy consumption),EG.FEC.RNEW.ZS,,,,,,,,,,,,,,,,,,,,,,,,,,,,,,,22.6,22.7,22.4,22.3,22.2,22.4,22.1,21.8,22,22.2,20.3,19.8,20.1,19.7,20.4,21.6,21.5,21.6,21.6,22.2,21.4,21.5,21.8,22.2,22.2,22.3,22.1,22.8,22.3,22.4,23.9,23.8,,,
Central Europe and the Baltics,CEB,Renewable energy consumption (% of total final energy consumption),EG.FEC.RNEW.ZS,,,,,,,,,,,,,,,,,,,,,,,,,,,,,,,4.144368941,4.806148843,5.37930367,7.192090006,7.52104321,7.832524762,8.295301651,9.015995039,9.460072418,9.731051639,9.934628321,9.886920663,10.16512334,10.27526109,10.78497004,11.2811274,11.10592023,11.38628295,12.17821915,13.73923844,14.57165327,14.74996007,15.69260448,16.6612114,17.07029577,17.15949821,16.85776274,16.4703987,18.14768633,18.86015396,19.69778382,,,,
Switzerland,CHE,Renewable energy consumption (% of total final energy consumption),EG.FEC.RNEW.ZS,,,,,,,,,,,,,,,,,,,,,,,,,,,,,,,16.8,17.1,17,18,18.3,17.6,16.7,17.4,17.1,18.4,18.2,18.7,18.2,18,18.1,18.7,18.1,19.3,19.6,20,20.6,20.6,21.9,21.8,22.2,23.9,24.1,25,24.2,24.8,26.4,27.7,,,
Channel Islands,CHI,Renewable energy consumption (% of total final energy consumption),EG.FEC.RNEW.ZS,,,,,,,,,,,,,,,,,,,,,,,,,,,,,,,,,,,,,,,,,,,,,,,,,,,,,,,,,,,,,,,,,
Chile,CHL,Renewable energy consumption (% of total final energy consumption),EG.FEC.RNEW.ZS,,,,,,,,,,,,,,,,,,,,,,,,,,,,,,,34,37.3,38.6,35.8,34.8,34.2,32.2,30,29.8,29.1,31.4,32.1,33.1,31.6,31.4,32.3,32.9,30.5,30.8,31.5,27,28.8,30.3,30.2,27,25.1,24.6,24.1,25.5,25.3,26.7,24.2,,,
China,CHN,Renewable energy consumption (% of total final energy consumption),EG.FEC.RNEW.ZS,,,,,,,,,,,,,,,,,,,,,,,,,,,,,,,33.9,33.1,32.8,31.5,31.1,29.4,30.5,30,29.5,30.3,29.6,28.4,27,23.9,20.2,17.4,16.4,14.9,14.1,13.4,12.3,11.3,11.5,11.5,11.9,12.2,12.6,13.1,13.5,14.3,14.9,15.2,,,
Cote d'Ivoire,CIV,Renewable energy consumption (% of total final energy consumption),EG.FEC.RNEW.ZS,,,,,,,,,,,,,,,,,,,,,,,,,,,,,,,73.6,74,74.6,75.1,75.6,74.9,74,72.1,73.4,61.9,63.7,64.7,65.3,70.3,75.4,77.9,74.8,76.3,74.2,73.7,75.4,79.1,74.9,72.2,71.9,64.5,64,62.5,60.5,61.1,61.8,58.2,,,
Cameroon,CMR,Renewable energy consumption (% of total final energy consumption),EG.FEC.RNEW.ZS,,,,,,,,,,,,,,,,,,,,,,,,,,,,,,,81.6,83.2,84.4,83.9,83.6,84.5,84.9,84.7,84.5,86.2,84.6,85.3,85.2,85.3,85.5,86.3,85.5,80.8,80.8,79.2,78.7,78.6,78.6,77.7,76.9,78.1,78.8,79.2,78.7,78.9,78.9,79.2,,,
"Congo, Dem. Rep.",COD,Renewable energy consumption (% of total final energy consumption),EG.FEC.RNEW.ZS,,,,,,,,,,,,,,,,,,,,,,,,,,,,,,,92,95.1,95.9,96.1,96.6,96.9,97,97.1,96.8,97,97.9,98.3,98.3,98,97.9,97.4,97.3,97.2,97,97,96.8,96.2,95.5,93.9,92.9,95.8,97,96.7,96.4,96.3,96.2,96.3,,,
"Congo, Rep.",COG,Renewable energy consumption (% of total final energy consumption),EG.FEC.RNEW.ZS,,,,,,,,,,,,,,,,,,,,,,,,,,,,,,,65.4,64.6,67.6,68.4,76.5,69.8,75.4,80.2,79.7,77,64.9,61.2,68.6,62.1,63.1,63.1,69.3,60.2,56.8,55.9,54.5,64.3,65.1,62.3,62.1,64.2,67.7,69.8,70.6,69.8,71.4,71.4,,,
Colombia,COL,Renewable energy consumption (% of total final energy consumption),EG.FEC.RNEW.ZS,,,,,,,,,,,,,,,,,,,,,,,,,,,,,,,38.1,36.8,33.1,33,33.8,33.5,33.6,25.7,25.8,29,27.9,27.1,28.6,30.6,29,28.9,30.6,31,30.8,31.4,30.6,29.6,29.6,32,32.1,31.1,30.5,32.2,30.4,31.5,32,29.7,,,
Comoros,COM,Renewable energy consumption (% of total final energy consumption),EG.FEC.RNEW.ZS,,,,,,,,,,,,,,,,,,,,,,,,,,,,,,,74,73.4,73.6,73.1,73.3,73,73.4,72.9,71.5,71.1,69.9,69.5,70.3,64.4,63.5,65.7,61.8,74.4,73.4,68.5,66,69,68.3,63.6,68,67,64,59.5,57.7,55.3,50.8,41.2,39.3,,
Cabo Verde,CPV,Renewable energy consumption (% of total final energy consumption),EG.FEC.RNEW.ZS,,,,,,,,,,,,,,,,,,,,,,,,,,,,,,,21.1,26.3,26.3,30.4,32.4,30.8,30.2,30.5,30,26.9,27.9,26,26,24.8,24.4,23.9,21.2,21,23.8,22.1,21.2,20.8,24.3,25.9,26.1,26.4,23.9,21.8,21.9,19.7,23.4,22.6,21.8,,
Costa Rica,CRI,Renewable energy consumption (% of total final energy consumption),EG.FEC.RNEW.ZS,,,,,,,,,,,,,,,,,,,,,,,,,,,,,,,45.4,44.7,35.1,36.3,35.8,35,36.6,33.6,28.9,29.9,33,32.1,32.5,33.3,39.2,41.7,42.4,41.2,40.7,40.7,40.4,38,38.1,37.8,37.6,38.3,34.1,33.3,33.1,33.4,36.4,34.2,,,
Caribbean small states,CSS,Renewable energy consumption (% of total final energy consumption),EG.FEC.RNEW.ZS,,,,,,,,,,,,,,,,,,,,,,,,,,,,,,,16.23074671,12.37856567,12.2946281,12.5732766,11.53561013,11.13022578,10.87030049,10.63108466,9.66475827,9.480923077,11.34384537,10.46335766,10.94557654,10.02744051,10.06868545,8.829191412,9.420700637,8.525360825,8.718660489,8.57920034,7.763243874,8.846320682,7.939568068,6.860158103,6.016137667,6.197360248,6.682684509,7.412938331,7.197383097,5.888228155,6.288435679,,,,
Cuba,CUB,Renewable energy consumption (% of total final energy consumption),EG.FEC.RNEW.ZS,,,,,,,,,,,,,,,,,,,,,,,,,,,,,,,42.9,47.2,51.3,46.9,45.8,41.3,41.4,36.8,34.8,33.7,34.4,34,34.8,33.6,33.8,26.3,22,18.6,18.7,19,15.6,19.2,19.4,18.2,23.2,21.1,19.2,22,24,23.1,24.5,20.9,,,
Curacao,CUW,Renewable energy consumption (% of total final energy consumption),EG.FEC.RNEW.ZS,,,,,,,,,,,,,,,,,,,,,,,,,,,,,,,0,0,0,0.1,0.1,0.1,0.1,0.1,0.1,0.1,0.1,0.6,0.6,0.6,0.6,0.6,0.6,0.6,0.5,0.5,0.5,0.5,0.6,1.1,1.4,1.3,1.4,1.9,2.5,2.5,2.8,2.8,,,
Cayman Islands,CYM,Renewable energy consumption (% of total final energy consumption),EG.FEC.RNEW.ZS,,,,,,,,,,,,,,,,,,,,,,,,,,,,,,,0,0,0,0,0,0,0,0,0,0,0,0,0,0,0,0,0,0,0,0,0,0,0,0,0,0,0,0,0,0,0,0,0,,
Cyprus,CYP,Renewable energy consumption (% of total final energy consumption),EG.FEC.RNEW.ZS,,,,,,,,,,,,,,,,,,,,,,,,,,,,,,,0.5,0.4,0.3,0.3,0.7,3.3,3.3,3.3,3.2,3.2,3.1,3,3.2,3.2,3.3,3.4,3.5,4.3,5.7,6.3,6.5,7.6,8.6,9.7,9.5,10.4,10.3,10.9,12,12,15,15.6,,,
Czechia,CZE,Renewable energy consumption (% of total final energy consumption),EG.FEC.RNEW.ZS,,,,,,,,,,,,,,,,,,,,,,,,,,,,,,,3.6,4,5.9,5.8,5.9,5.3,5.2,5.7,6,6.5,5.9,6.3,7.3,6.7,7.1,7.5,7.9,8.3,9,10.2,10.9,12.2,12.8,13.9,14.8,14.8,14.8,14.5,14.7,15.9,17,17.2,,,
Germany,DEU,Renewable energy consumption (% of total final energy consumption),EG.FEC.RNEW.ZS,,,,,,,,,,,,,,,,,,,,,,,,,,,,,,,2.1,2,2.1,2.1,2.3,2.3,2.2,2.8,3,3.3,3.7,3.9,4.4,5.4,6.3,7.3,8.6,10.5,10.2,10.7,11.6,12.5,13.6,13.6,14,14.6,14.2,15.2,16,17.1,18.5,17.6,,,
Djibouti,DJI,Renewable energy consumption (% of total final energy consumption),EG.FEC.RNEW.ZS,,,,,,,,,,,,,,,,,,,,,,,,,,,,,,,29.6,30.1,30.3,31.2,32.4,32.2,34,32,29.6,29.6,31.4,31.7,32.4,32.9,33.6,33.1,33,32.5,33.1,34.4,32.5,32,32.3,29.9,29.4,24.8,23.6,23.3,24.7,23.4,27.5,26.6,26.9,,
Dominica,DMA,Renewable energy consumption (% of total final energy consumption),EG.FEC.RNEW.ZS,,,,,,,,,,,,,,,,,,,,,,,,,,,,,,,14.6,14.5,14.5,13.4,13.1,15.7,20.9,15.5,15,14.1,11.1,9.4,13.6,10.6,11.4,10,9.8,7.8,8,7.5,10.3,13.8,11.3,11.4,9.9,8.7,10.7,9.7,7.9,7.6,8.6,8.8,8.9,,
Denmark,DNK,Renewable energy consumption (% of total final energy consumption),EG.FEC.RNEW.ZS,,,,,,,,,,,,,,,,,,,,,,,,,,,,,,,7,7.1,7.8,7.7,7.3,7.5,7.3,8.1,8.5,9.1,10.7,11.1,11.9,12.7,14.4,16.1,15.3,17.7,18.5,19.3,21.2,23.8,26.9,27,30.2,32.5,32,35,34.6,37.2,39.5,39.5,,,
Dominican Republic,DOM,Renewable energy consumption (% of total final energy consumption),EG.FEC.RNEW.ZS,,,,,,,,,,,,,,,,,,,,,,,,,,,,,,,28,28.2,25.4,26.9,24.4,22.3,20.3,18.2,20.4,19.9,19.1,18.9,17.9,18.9,20.7,19.4,18,17.9,17.7,17.3,16.9,16.8,16.5,16.6,17.3,14.9,15.3,16.9,15.9,14.4,16,14.8,,,
Algeria,DZA,Renewable energy consumption (% of total final energy consumption),EG.FEC.RNEW.ZS,,,,,,,,,,,,,,,,,,,,,,,,,,,,,,,0.2,0.3,0.3,0.5,0.4,0.4,0.4,0.5,0.5,0.5,0.4,0.4,0.5,0.5,0.4,0.6,0.4,0.4,0.3,0.3,0.3,0.2,0.2,0.1,0.1,0.1,0.1,0.1,0.2,0.2,0.1,0.1,,,
East Asia & Pacific (excluding high income),EAP,Renewable energy consumption (% of total final energy consumption),EG.FEC.RNEW.ZS,,,,,,,,,,,,,,,,,,,,,,,,,,,,,,,36.78373033,36.11275645,35.77750785,34.35444977,33.72615751,32.04228473,32.64851012,32.06013374,31.89981841,32.25463142,31.65277744,30.47666006,29.28336503,26.64275669,23.27198485,20.7412126,19.77945002,18.44274479,17.78623597,16.97060416,15.72969492,14.70558012,14.71368281,14.60491661,14.84036801,14.53499352,14.93301021,15.15982179,15.26174126,15.68693699,16.17626994,,,,
Early-demographic dividend,EAR,Renewable energy consumption (% of total final energy consumption),EG.FEC.RNEW.ZS,,,,,,,,,,,,,,,,,,,,,,,,,,,,,,,34.80034457,34.38459487,34.23911357,33.9949227,33.18600106,32.76158964,32.07981779,31.63622143,31.4938825,31.02363316,30.41150785,30.28243449,29.60195305,29.03380031,28.37649221,27.87951505,27.16517722,26.20965902,25.94912213,25.41293905,24.86159715,24.08550083,23.76879522,24.02750193,23.49243697,23.27888309,23.27899533,22.94762505,23.05536294,23.4235915,24.98955038,,,,
East Asia & Pacific,EAS,Renewable energy consumption (% of total final energy consumption),EG.FEC.RNEW.ZS,,,,,,,,,,,,,,,,,,,,,,,,,,,,,,,26.42075127,25.98635425,25.57205037,24.78526752,24.03972025,23.11911771,23.262633,23.00916883,23.12889002,22.99949787,22.46999921,21.78608799,21.16650921,19.83639389,17.97753463,16.4297576,15.96867539,15.07894878,14.73523514,14.26361762,13.4347876,12.72633646,12.79528061,12.80758804,13.17722208,12.98203937,13.33119561,13.58443942,13.78704931,14.23758927,14.80814241,,,,
Europe & Central Asia (excluding high income),ECA,Renewable energy consumption (% of total final energy consumption),EG.FEC.RNEW.ZS,,,,,,,,,,,,,,,,,,,,,,,,,,,,,,,4.628986922,4.6735721,5.206041137,6.149722621,6.794324562,6.915471985,7.376819818,7.440126413,7.778909356,7.896835915,7.625291261,7.463419907,7.529639789,7.306933003,7.386595607,7.283615757,7.078478852,6.634942982,6.451585019,7.428039138,7.811636861,7.066331528,7.499095991,8.042457293,7.756967224,8.893749441,9.053620503,8.681040314,9.104553229,10.03242862,10.06044718,,,,
Europe & Central Asia,ECS,Renewable energy consumption (% of total final energy consumption),EG.FEC.RNEW.ZS,,,,,,,,,,,,,,,,,,,,,,,,,,,,,,,5.721697501,5.87264895,6.22314835,6.625535788,6.873646434,6.963698482,7.057366241,7.366654159,7.480754772,7.541521902,7.609636269,7.609119009,7.575468234,7.678856594,7.93527297,8.291818653,8.575218028,9.141132603,9.47387156,10.42496761,10.86814489,10.72583304,11.58007031,12.27615656,12.43217258,12.87444806,12.88665487,12.8819075,13.47973828,14.00597271,15.1064492,,,,
Ecuador,ECU,Renewable energy consumption (% of total final energy consumption),EG.FEC.RNEW.ZS,,,,,,,,,,,,,,,,,,,,,,,,,,,,,,,24.2,24.2,20.8,21.6,20.9,20.4,19.3,16.6,18.2,19.6,19.4,17.1,17.1,16.6,16.7,16.2,14.2,15.9,15.3,12.9,11.8,13.2,13.2,11.8,12.2,13.1,14.8,17,16.3,17.7,20.2,18.9,,,
"Egypt, Arab Rep.",EGY,Renewable energy consumption (% of total final energy consumption),EG.FEC.RNEW.ZS,,,,,,,,,,,,,,,,,,,,,,,,,,,,,,,9,9.3,9.1,9.2,10,9.4,9,8.6,8.5,8.8,8.3,7.8,7.3,7.4,7.6,6.5,6.2,6,5.9,5.7,5.4,5.4,5.3,5.3,5.4,5.3,5.1,4.9,5,6.2,6.7,6.1,,,
Euro area,EMU,Renewable energy consumption (% of total final energy consumption),EG.FEC.RNEW.ZS,,,,,,,,,,,,,,,,,,,,,,,,,,,,,,,6.655649637,6.920793668,6.960445568,7.076688797,7.294177884,7.14434649,7.265327685,7.397424928,7.453211465,7.506571602,7.687886793,7.887149779,7.716661005,8.266226507,8.525763941,8.852400051,9.662596623,10.7826492,11.4584461,12.53904292,13.36532929,13.43425599,14.88287252,15.70395969,16.32222107,16.33846954,16.35151611,16.57812489,17.54708651,18.13540551,19.80748727,,,,
Eritrea,ERI,Renewable energy consumption (% of total final energy consumption),EG.FEC.RNEW.ZS,,,,,,,,,,,,,,,,,,,,,,,,,,,,,,,,,89.9,83.6,80.1,77.9,76.4,77.6,75,76.1,76.8,74.8,74.7,75,69.8,74.7,77.3,79.1,81.4,81.7,80.9,77.1,78.4,79.7,80.5,81.2,81.4,81.6,80.8,80.6,80.9,80.7,,,
Spain,ESP,Renewable energy consumption (% of total final energy consumption),EG.FEC.RNEW.ZS,,,,,,,,,,,,,,,,,,,,,,,,,,,,,,,10.6,9.9,8.2,9.1,9.2,8.3,10.1,9.2,8.9,7.7,7.9,8.9,7.4,8.9,8,7.3,8.5,9,9.7,12.2,14.4,14.7,15.8,16.9,17.3,16.3,16.7,15.2,16.9,16.7,19.3,19,,,
Estonia,EST,Renewable energy consumption (% of total final energy consumption),EG.FEC.RNEW.ZS,,,,,,,,,,,,,,,,,,,,,,,,,,,,,,,3.5,3.6,5.9,6.6,11.1,17.9,20.1,20,17.9,20,19.8,18.9,19.3,19.9,20,18.9,17.2,18.6,20.5,24.2,25.3,25.2,25,24.5,25.3,28.2,27.2,27.5,28.6,31.3,40.4,38,,,
Ethiopia,ETH,Renewable energy consumption (% of total final energy consumption),EG.FEC.RNEW.ZS,,,,,,,,,,,,,,,,,,,,,,,,,,,,,,,96.2,96.3,97.5,96.9,96.5,96.2,95.9,95.8,95.7,95.8,95.5,94.6,94.5,94.2,94.1,94.7,94.5,94.1,94.1,94.2,94.1,93.6,93.3,92.4,91.4,91.5,90.4,90.8,90,89.3,90.7,90.6,,,
European Union,EUU,Renewable energy consumption (% of total final energy consumption),EG.FEC.RNEW.ZS,,,,,,,,,,,,,,,,,,,,,,,,,,,,,,,6.911908994,7.195344254,7.467806163,7.896786261,8.000672295,8.015208311,8.073458833,8.474447035,8.591322506,8.620099495,8.970977783,8.958213656,8.859773278,9.248917898,9.549639154,10.02051565,10.6866219,11.75547527,12.45680548,13.62197242,14.46904895,14.62500378,16.05303171,16.79745203,17.44157539,17.61227643,17.52323581,17.68571022,18.72498848,19.34400095,21.05914707,,,,
Fragile and conflict affected situations,FCS,Renewable energy consumption (% of total final energy consumption),EG.FEC.RNEW.ZS,,,,,,,,,,,,,,,,,,,,,,,,,,,,,,,36.25925205,36.61794802,38.58030666,41.4039563,44.41906926,44.54292693,45.14189529,46.28920922,48.22679649,49.04622617,49.51881926,48.97880272,49.12777231,50.01900816,50.13259331,50.11680091,51.04925478,50.8910276,51.06069264,53.37795355,51.71366164,52.13565856,51.86765455,52.45318099,53.73093929,57.69322009,58.02640706,58.28118794,57.50398671,58.36190722,61.66541804,,,,
Finland,FIN,Renewable energy consumption (% of total final energy consumption),EG.FEC.RNEW.ZS,,,,,,,,,,,,,,,,,,,,,,,,,,,,,,,24.5,24,25.1,26,25.1,27.3,26.9,28.8,30.5,30.2,31.7,29.2,29.5,28.4,31.1,31.5,31.2,31.8,34.6,32.5,33.4,35.1,38.7,38.5,41.2,43.2,42.4,44.4,44.2,45.4,47.3,50.2,,,
Fiji,FJI,Renewable energy consumption (% of total final energy consumption),EG.FEC.RNEW.ZS,,,,,,,,,,,,,,,,,,,,,,,,,,,,,,,57.1,55.5,56.2,57.6,61.9,58.4,57.3,51.6,45.4,54.2,50.1,40.4,49,40.8,35.7,40,39.1,36,42.1,41.6,28,33.4,33.3,32.8,33.2,32.7,27.7,28.6,25.8,26.5,31.8,29.7,28.4,,
France,FRA,Renewable energy consumption (% of total final energy consumption),EG.FEC.RNEW.ZS,,,,,,,,,,,,,,,,,,,,,,,,,,,,,,,10.5,11.1,11.3,10.9,11,10.7,10.5,10,9.7,9.8,9.3,9.4,8.7,8.8,8.9,8.6,8.5,9.4,10.5,11.2,11.9,10.6,12.3,13.4,13.2,13.3,14.2,14.1,15.2,15.5,16.8,16.2,,,
Faroe Islands,FRO,Renewable energy consumption (% of total final energy consumption),EG.FEC.RNEW.ZS,,,,,,,,,,,,,,,,,,,,,,,,,,,,,,,2.5,2.7,3.1,3,3.1,3.2,2.7,3.3,3.1,2.8,2.8,2.6,3.4,3.1,3.4,3.8,4.3,4.5,4.5,5.1,3.4,5,4.7,4.5,6.5,7.5,6.3,6,5.9,5.4,5.3,5.1,7.9,,
"Micronesia, Fed. Sts.",FSM,Renewable energy consumption (% of total final energy consumption),EG.FEC.RNEW.ZS,,,,,,,,,,,,,,,,,,,,,,,,,,,,,,,,,0.9,1,0.9,0.8,0.8,0.8,0.8,0.6,1.3,1.4,1.6,0.9,1,1.4,1.4,1.2,1.4,1.1,2,1.6,1.4,1.4,1.5,1.7,1.9,1.7,2,2,2,2.1,2,,
Gabon,GAB,Renewable energy consumption (% of total final energy consumption),EG.FEC.RNEW.ZS,,,,,,,,,,,,,,,,,,,,,,,,,,,,,,,78.3,75.2,74.8,73.8,72.9,72,71.5,70,69.7,71.3,72.8,72.4,79.8,83.6,85.8,85.2,86.2,87.3,87.3,87.9,85.8,79.7,75.5,82.2,81.3,81.9,81.5,90.2,90.3,90.2,91.3,91.3,,,
United Kingdom,GBR,Renewable energy consumption (% of total final energy consumption),EG.FEC.RNEW.ZS,,,,,,,,,,,,,,,,,,,,,,,,,,,,,,,0.7,0.6,0.8,0.8,1,1.1,0.9,1,1,0.9,1,0.8,1,0.9,1.1,1.4,1.6,1.8,2.4,3,3.2,4,4.2,5.2,6.6,7.7,7.7,8.8,10.2,11.4,13.6,12.2,,,
Georgia,GEO,Renewable energy consumption (% of total final energy consumption),EG.FEC.RNEW.ZS,,,,,,,,,,,,,,,,,,,,,,,,,,,,,,,12.8,14.1,18.5,26,22.7,46.4,42.8,44.4,47.5,49.7,47.2,53.1,56.8,55.3,54.5,41.5,37.2,36.2,36.3,36.7,39.1,31.5,28.7,32.4,30.7,27.5,27.2,27.5,27.4,24.7,23.4,25.2,,,
Ghana,GHA,Renewable energy consumption (% of total final energy consumption),EG.FEC.RNEW.ZS,,,,,,,,,,,,,,,,,,,,,,,,,,,,,,,80.6,82.9,81,81.3,80.6,79.8,78.8,78.3,73.6,72.8,71.6,69.3,65.7,64.5,62.4,61.4,58.6,54.5,57.3,51.9,51.9,50.1,46.5,46.2,47.7,44,45.2,45.3,42.1,42.6,40,39,,,
Gibraltar,GIB,Renewable energy consumption (% of total final energy consumption),EG.FEC.RNEW.ZS,,,,,,,,,,,,,,,,,,,,,,,,,,,,,,,0,0,0,0,0,0,0,0,0,0,0,0,0,0,0,0,0,0,0,0,0,0,0,0,0,0,0,0,0,0,0,0,,,
Guinea,GIN,Renewable energy consumption (% of total final energy consumption),EG.FEC.RNEW.ZS,,,,,,,,,,,,,,,,,,,,,,,,,,,,,,,89.5,89.6,86.6,86.2,86,90,88.8,85.2,84.3,86.3,85.5,84.8,84.3,83.5,83.2,81.6,81.1,80.4,80.2,79.2,75.7,74.8,76.4,78.5,78.6,76.2,75.3,72,73.2,68.3,65.8,66.8,66.6,,
"Gambia, The",GMB,Renewable energy consumption (% of total final energy consumption),EG.FEC.RNEW.ZS,,,,,,,,,,,,,,,,,,,,,,,,,,,,,,,62,62.3,63.5,63.3,61.6,60.1,59.6,58.7,57.5,56.3,62.9,59.6,61,62.4,61.2,61.7,60.2,57.3,56.3,53.9,56.6,56.2,57,59.3,53.2,49,48.6,48,48.1,47.4,49.8,48.6,47.7,,
Guinea-Bissau,GNB,Renewable energy consumption (% of total final energy consumption),EG.FEC.RNEW.ZS,,,,,,,,,,,,,,,,,,,,,,,,,,,,,,,88.6,88.6,88.5,88,88.5,88.6,89.4,88.4,89,88.1,91.2,91.2,91,89,88.6,88.5,88.3,87.9,88.4,87.9,87.8,87.9,87.8,87.7,87.3,87.2,86.8,86.8,86.6,86.2,87.2,87.4,87.4,,
Equatorial Guinea,GNQ,Renewable energy consumption (% of total final energy consumption),EG.FEC.RNEW.ZS,,,,,,,,,,,,,,,,,,,,,,,,,,,,,,,84.7,83.8,83.9,81.3,80.6,78.7,73.5,63.6,58.2,54.6,45.9,46.1,31.3,29.5,7.2,7.1,7,8.5,7.2,9.2,5.7,5.6,4.4,3.7,4.9,5.5,4.8,5,4.8,7.4,6.5,5.2,4.2,,
Greece,GRC,Renewable energy consumption (% of total final energy consumption),EG.FEC.RNEW.ZS,,,,,,,,,,,,,,,,,,,,,,,,,,,,,,,7.8,8.3,7.9,8,8,8.3,8.2,8,7.6,8,7.8,7.1,7.3,7.6,7.8,8,8.5,8.1,8.3,9.2,11.4,11.4,14.2,16.6,16.4,17.5,16.4,16.4,17.9,18.5,20.1,21.5,,,
Grenada,GRD,Renewable energy consumption (% of total final energy consumption),EG.FEC.RNEW.ZS,,,,,,,,,,,,,,,,,,,,,,,,,,,,,,,8.3,8.1,7.7,8.1,7.4,7.4,6.2,8.3,10.2,10.3,10.5,10.4,10.5,10.4,10.6,10.6,10.4,9.9,10.8,10.5,10.8,11.4,11.5,10.8,11,10.5,10.4,10.2,10.7,10.4,10.3,10.2,10,,
Greenland,GRL,Renewable energy consumption (% of total final energy consumption),EG.FEC.RNEW.ZS,,,,,,,,,,,,,,,,,,,,,,,,,,,,,,,0.5,0.5,0.6,5.3,11.2,10.7,10.5,9.2,9.3,9.4,9.2,8.7,9.5,9.5,6.7,7,7.1,6.9,6.9,8.8,10.1,10.2,10.1,11.2,12.5,13.1,12.4,11.3,11.4,10.9,11.8,11.6,11.7,,
Guatemala,GTM,Renewable energy consumption (% of total final energy consumption),EG.FEC.RNEW.ZS,,,,,,,,,,,,,,,,,,,,,,,,,,,,,,,75,74.2,72.2,69.8,68.3,65,65.6,65.1,62,64.5,62.7,61.3,63.8,64.3,66.1,65.2,64.7,63.3,66.5,65.3,67.1,67.1,67.4,67.2,66.2,63.3,63.2,65,64,62.8,65.5,62.1,,,
Guam,GUM,Renewable energy consumption (% of total final energy consumption),EG.FEC.RNEW.ZS,,,,,,,,,,,,,,,,,,,,,,,,,,,,,,,0.5,0.5,0.5,0.4,0.4,0.4,0.4,0.4,0.4,0.4,0.4,0.4,0.4,0.5,0.5,0.4,0.4,0.4,0.4,0.5,0.5,0.5,0.5,0.6,0.7,2.3,4.4,3.9,4.5,4.5,4.6,4.5,6.7,,
Guyana,GUY,Renewable energy consumption (% of total final energy consumption),EG.FEC.RNEW.ZS,,,,,,,,,,,,,,,,,,,,,,,,,,,,,,,55.1,41.6,43.2,43.1,32.3,31,29,27.4,27.6,26.6,30.4,31,34.2,34.6,35.5,34.7,36.8,33.1,32.6,31.3,30.6,32.8,28.7,26.9,24,25,21.3,22.1,16.8,11.3,12,13.2,12.1,,
High income,HIC,Renewable energy consumption (% of total final energy consumption),EG.FEC.RNEW.ZS,,,,,,,,,,,,,,,,,,,,,,,,,,,,,,,5.973931223,6.159253073,6.334551425,6.295131327,6.190747843,6.478970652,6.507457814,6.537896784,6.57251491,7.005244661,6.846788474,6.541770554,6.621326487,6.869957438,7.107681378,7.387901361,7.770427457,8.024295814,8.398484155,8.960945969,9.137577424,9.528363219,9.909883108,10.38499894,10.5213334,10.60507816,10.7845733,11.08901976,11.46867884,11.78391301,12.78318085,,,,
"Hong Kong SAR, China",HKG,Renewable energy consumption (% of total final energy consumption),EG.FEC.RNEW.ZS,,,,,,,,,,,,,,,,,,,,,,,,,,,,,,,0.2,0.2,0.2,0.2,0.1,0.1,0.1,0.1,0.1,0.1,0,0.1,0.1,0.1,0.1,0.1,0.1,0.1,0.1,0.1,0.1,0.5,0.2,0.3,0.2,0.2,0.2,0.2,0.2,0.2,0.3,0.4,,,
Honduras,HND,Renewable energy consumption (% of total final energy consumption),EG.FEC.RNEW.ZS,,,,,,,,,,,,,,,,,,,,,,,,,,,,,,,70.1,70.2,67.8,66.7,64,63,62.6,65.4,62.9,53.9,55.2,50.4,49.8,47.9,46.7,51.4,52.2,50.6,50,50.5,53.6,50.9,49.3,51.1,52.2,50.8,52.7,45.6,48.9,46.2,50.2,45.9,,,
Heavily indebted poor countries (HIPC),HPC,Renewable energy consumption (% of total final energy consumption),EG.FEC.RNEW.ZS,,,,,,,,,,,,,,,,,,,,,,,,,,,,,,,85.75746696,86.66443051,87.03337457,87.55153906,87.22961121,86.93310114,86.61068299,86.05639057,85.87021244,85.39067567,85.35835288,84.95164798,84.45455288,84.27032721,83.94503642,83.92569794,83.18188784,81.73624087,81.23292367,80.4451956,79.61151711,78.89676298,77.85462089,77.65498147,77.37816179,76.55305741,76.0862842,75.91934733,75.25201835,74.84481333,76.0353291,,,,
Croatia,HRV,Renewable energy consumption (% of total final energy consumption),EG.FEC.RNEW.ZS,,,,,,,,,,,,,,,,,,,,,,,,,,,,,,,21.6,32.7,29.8,29.9,30.1,30.3,32.6,29.1,28.1,27.8,26.8,26.9,24.6,24.8,26.6,26.8,25.5,22.7,24.1,27.2,29.8,27.2,29.4,32.8,33.6,33.1,31.8,29.8,32.8,31.6,32.4,34.1,,,
Haiti,HTI,Renewable energy consumption (% of total final energy consumption),EG.FEC.RNEW.ZS,,,,,,,,,,,,,,,,,,,,,,,,,,,,,,,87.2,87.5,87.7,89.4,96.7,87,86,84.6,83.3,82,80.8,80.9,79.1,79,81.1,81.1,81.4,79.3,79.6,80.3,79,79,82.2,80.4,77.8,76.1,76.1,76.2,76.2,76.4,76.3,76.7,,,
Hungary,HUN,Renewable energy consumption (% of total final energy consumption),EG.FEC.RNEW.ZS,,,,,,,,,,,,,,,,,,,,,,,,,,,,,,,3.9,4.3,4.9,5,5.1,5.4,5.1,5.2,5.2,5.2,5.2,5.1,5.2,5,4.6,7.3,7.9,9,9,12.3,13.5,14.7,16.5,17.2,15.7,15.6,15.3,14.6,13.6,13.6,14.8,15.3,,,
IBRD only,IBD,Renewable energy consumption (% of total final energy consumption),EG.FEC.RNEW.ZS,,,,,,,,,,,,,,,,,,,,,,,,,,,,,,,21.96841409,22.1175831,22.72646113,22.99372303,23.5810927,23.18908662,23.60241135,23.57911475,23.73728091,23.87834288,23.45412407,22.91301621,22.55398774,21.56343465,20.29866443,19.31369731,18.77964261,18.0231697,17.63166808,17.48294698,16.7512898,15.9538658,15.87953925,16.0171386,16.00329153,16.02091779,16.28459655,16.39230005,16.62680664,17.0666277,18.00850516,,,,
IDA & IBRD total,IBT,Renewable energy consumption (% of total final energy consumption),EG.FEC.RNEW.ZS,,,,,,,,,,,,,,,,,,,,,,,,,,,,,,,26.79031998,27.00177542,27.79091906,28.12863949,28.94213317,28.6551457,29.14367997,29.12930735,29.34271713,29.58587885,29.20347548,28.75696665,28.46202944,27.49908465,26.11715659,25.08267833,24.45843946,23.58017176,23.19169334,23.16817012,22.29149525,21.5080309,21.39713646,21.56810551,21.52877788,21.61636239,21.81325827,21.83337167,21.95900626,22.43186283,23.43524729,,,,
IDA total,IDA,Renewable energy consumption (% of total final energy consumption),EG.FEC.RNEW.ZS,,,,,,,,,,,,,,,,,,,,,,,,,,,,,,,66.97844844,67.25932766,68.34375315,68.93697047,70.02153974,70.15865246,69.65586927,69.13588291,68.18427354,67.9488242,67.61967468,67.32226642,67.24356422,67.13568061,66.85275401,66.7599113,66.39676639,65.6601255,65.59674796,66.53535034,65.47982627,64.98758783,65.63478403,65.91703511,65.51804188,65.49706919,64.35167066,63.46254866,63.05967326,63.44545039,63.75256292,,,,
IDA blend,IDB,Renewable energy consumption (% of total final energy consumption),EG.FEC.RNEW.ZS,,,,,,,,,,,,,,,,,,,,,,,,,,,,,,,59.18383071,59.26846342,59.90776168,59.97527086,61.20962906,61.56018045,61.46574035,61.03291028,59.8885425,59.20946456,58.79547578,58.90121015,59.09708847,59.37604042,59.38348079,60.11436692,59.77284364,59.79892473,59.88164578,61.54561664,60.59407119,60.19957078,62.20403254,61.93716859,61.53545153,61.75219365,60.48364603,59.7969449,60.04559228,60.70676245,60.07369117,,,,
Indonesia,IDN,Renewable energy consumption (% of total final energy consumption),EG.FEC.RNEW.ZS,,,,,,,,,,,,,,,,,,,,,,,,,,,,,,,59.2,58.4,57.5,56.1,53.4,50.7,49.3,47.6,48.9,45.8,45.6,44.3,44.7,43,41.5,41.6,40.1,40,41.1,38.2,36,32.4,30.1,30.6,29.3,26.6,27.8,25.2,22,19.8,21.9,20.2,,,
IDA only,IDX,Renewable energy consumption (% of total final energy consumption),EG.FEC.RNEW.ZS,,,,,,,,,,,,,,,,,,,,,,,,,,,,,,,75.38311383,76.01249272,77.70576735,79.12035456,79.80898482,79.37985356,78.37885521,77.84628447,77.16606347,77.50742433,77.4297504,76.63862999,76.23977352,75.59826387,75.00113278,73.80504364,73.39389562,71.85708574,71.60102247,71.63634299,70.55761358,69.99425629,69.23756808,70.06889719,69.58577091,69.26956259,68.28729838,67.1926479,66.05682161,66.1344155,67.35606342,,,,
Isle of Man,IMN,Renewable energy consumption (% of total final energy consumption),EG.FEC.RNEW.ZS,,,,,,,,,,,,,,,,,,,,,,,,,,,,,,,,,,,,,,,,,,,1.5,1.1,6.3,2.7,3.3,1.9,1.3,1.9,1.9,2.9,3.5,2.1,1.9,2.2,1.9,1.9,2,1.9,2,3.2,2.7,,
India,IND,Renewable energy consumption (% of total final energy consumption),EG.FEC.RNEW.ZS,,,,,,,,,,,,,,,,,,,,,,,,,,,,,,,53,52,51.5,51.5,50.5,49.5,49.1,47.9,48,47.1,46.9,47.1,45.8,45.6,44.9,44.2,43.2,41.5,39.4,37.4,36.2,35,34.8,34.9,33.9,33.4,33,32.5,32.9,33.5,36.1,34.9,,,
Not classified,INX,Renewable energy consumption (% of total final energy consumption),EG.FEC.RNEW.ZS,,,,,,,,,,,,,,,,,,,,,,,,,,,,,,,,,,,,,,,,,,,,,,,,,,,,,,,,,,,,,,,,,
Ireland,IRL,Renewable energy consumption (% of total final energy consumption),EG.FEC.RNEW.ZS,,,,,,,,,,,,,,,,,,,,,,,,,,,,,,,2.3,2.2,2.2,2.1,2.2,1.9,2,1.9,2.3,2.1,2,2,2.2,2,2.3,2.9,3.2,3.5,4.2,5.3,5.3,7,6.9,7.7,8.8,9.5,8.6,10.1,10.8,12.3,13.7,12.7,,,
"Iran, Islamic Rep.",IRN,Renewable energy consumption (% of total final energy consumption),EG.FEC.RNEW.ZS,,,,,,,,,,,,,,,,,,,,,,,,,,,,,,,1.2,1.2,1.4,1.5,1.1,1,1,0.9,0.8,0.6,0.4,0.5,0.7,0.8,0.7,1.4,1.4,1.3,0.7,0.8,0.9,0.9,0.9,1,0.9,0.9,1,1,1,1,0.9,0.9,,,
Iraq,IRQ,Renewable energy consumption (% of total final energy consumption),EG.FEC.RNEW.ZS,,,,,,,,,,,,,,,,,,,,,,,,,,,,,,,1.6,0.8,0.5,0.4,0.4,0.4,0.4,0.4,0.4,0.4,0.4,0.3,0.3,0.3,0.4,2.4,2.6,2,1.1,1.2,1.7,1.1,1.3,1.5,1,0.8,0.9,0.5,0.5,0.9,1.1,1.1,,,
Iceland,ISL,Renewable energy consumption (% of total final energy consumption),EG.FEC.RNEW.ZS,,,,,,,,,,,,,,,,,,,,,,,,,,,,,,,54.7,54.8,54.6,54.7,54.2,55.7,52.3,54.9,57.2,59.8,60.7,62.1,61.9,61.9,61.9,62.7,64.2,67.6,74,74.7,76,77.1,77.7,76.8,77.6,78,80.9,80.8,81.4,81.7,82.9,82.4,,,
Israel,ISR,Renewable energy consumption (% of total final energy consumption),EG.FEC.RNEW.ZS,,,,,,,,,,,,,,,,,,,,,,,,,,,,,,,5.8,6,6.2,5.9,5.7,5.4,5.4,5.7,6.1,5.9,6,6.3,6.5,6.5,6.7,7,6.9,6.7,8.9,8.5,8.6,9.1,2.9,3.3,3.7,3.7,4,3.9,3.8,4.5,5.6,6.2,,,
Italy,ITA,Renewable energy consumption (% of total final energy consumption),EG.FEC.RNEW.ZS,,,,,,,,,,,,,,,,,,,,,,,,,,,,,,,3.8,4.7,4.8,4.8,5.2,4.5,4.8,4.8,4.8,5,5.1,5.4,5.6,6.2,5.9,6.7,7.5,8.7,10.8,12.5,12.8,11.9,14.4,16.3,17.1,16.6,16.1,16.4,17.1,17.3,18.7,17.5,,,
Jamaica,JAM,Renewable energy consumption (% of total final energy consumption),EG.FEC.RNEW.ZS,,,,,,,,,,,,,,,,,,,,,,,,,,,,,,,12.5,12.4,13.1,14.3,12.6,13.7,12.6,12.9,10.5,10,9.3,7.9,8,8.1,6.4,5.4,4.8,5.3,5.9,7.4,8.9,9.8,12.2,11.4,11.9,12.1,11.1,11,8.9,9.2,11.7,10.5,,,
Jordan,JOR,Renewable energy consumption (% of total final energy consumption),EG.FEC.RNEW.ZS,,,,,,,,,,,,,,,,,,,,,,,,,,,,,,,2.8,2.9,2.5,2.5,2.3,2.2,2.2,2.1,2.2,2.2,2.1,2.1,2.1,2,1.8,1.7,2.3,2.3,2.7,2.8,3,3,2.9,3.1,3.1,3.2,4.7,5.3,7.2,8.5,10.7,11.5,,,
Japan,JPN,Renewable energy consumption (% of total final energy consumption),EG.FEC.RNEW.ZS,,,,,,,,,,,,,,,,,,,,,,,,,,,,,,,4.3,4.5,4,4.2,3.3,3.7,3.6,3.8,3.8,3.7,3.7,3.5,3.7,4.2,4.3,4,4.4,4.3,4.4,4.5,4.7,4.8,4.7,5,5.6,6.2,6.4,6.9,7.3,7.8,8.5,8.8,,,
Kazakhstan,KAZ,Renewable energy consumption (% of total final energy consumption),EG.FEC.RNEW.ZS,,,,,,,,,,,,,,,,,,,,,,,,,,,,,,,1.4,1.3,1.2,1.3,1.8,1.6,1.6,1.7,1.5,1.8,2.5,2.4,2.8,2.3,1.9,2.1,2.1,1.8,1.1,1.3,1.4,1.4,1.3,1.2,1.3,1.7,2.1,2,1.9,1.9,1.8,2,,,
Kenya,KEN,Renewable energy consumption (% of total final energy consumption),EG.FEC.RNEW.ZS,,,,,,,,,,,,,,,,,,,,,,,,,,,,,,,76.5,77.8,78.4,79.1,79.3,78.2,77.2,78.1,77.9,77.7,76.8,78.3,78.8,81.6,80.3,79.2,77.6,78.2,78.2,75.6,74,74.7,76.2,74.3,71.8,69.2,68.3,68.1,68.7,68.1,69,67.7,,,
Kyrgyz Republic,KGZ,Renewable energy consumption (% of total final energy consumption),EG.FEC.RNEW.ZS,,,,,,,,,,,,,,,,,,,,,,,,,,,,,,,7.9,9,13,16.2,26.5,35,29.5,28.8,25.1,34.5,35.2,36,28.3,30.5,27.7,28,27.8,24.5,22,24.7,25.6,26,22.4,24.8,26.6,23.5,22.2,24.7,23.4,28.3,30,27.6,,,
Cambodia,KHM,Renewable energy consumption (% of total final energy consumption),EG.FEC.RNEW.ZS,,,,,,,,,,,,,,,,,,,,,,,,,,,,,,,,,,,,82.5,82.5,82.2,81.3,81.5,81.6,80.5,81,79.9,80.7,79.2,78,74.8,74.1,68,64.8,64,64.4,65,63.7,60.6,58,56.3,58.1,53,51.4,52.4,,,
Kiribati,KIR,Renewable energy consumption (% of total final energy consumption),EG.FEC.RNEW.ZS,,,,,,,,,,,,,,,,,,,,,,,,,,,,,,,64,63.5,63.2,59.3,59.9,59.1,55.3,57.5,59.1,59.8,54.7,56.4,53,50.5,50.5,48.5,48.1,48.4,49.7,50.4,50.1,50.5,48.7,46.2,48,47.5,48.1,42.5,42.3,42.2,42.2,42.2,41.9,,
St. Kitts and Nevis,KNA,Renewable energy consumption (% of total final energy consumption),EG.FEC.RNEW.ZS,,,,,,,,,,,,,,,,,,,,,,,,,,,,,,,39.9,33.9,33.6,38.6,41.1,36.5,30.4,33.9,32,27.2,26.4,26,24.3,26.3,22,25.3,0,0,0,0,1,0.9,1.3,1.4,1.6,1.6,1.7,1.3,1.3,1.3,1.6,1.6,1.5,,
"Korea, Rep.",KOR,Renewable energy consumption (% of total final energy consumption),EG.FEC.RNEW.ZS,,,,,,,,,,,,,,,,,,,,,,,,,,,,,,,1.6,1,0.8,0.7,0.4,0.4,0.6,0.7,0.9,0.8,0.7,0.7,0.7,0.8,0.8,0.9,0.9,1,1.1,1.2,1.3,1.4,1.6,1.9,2.9,2.7,2.6,2.8,3.2,3.2,3.6,3.6,,,
Kuwait,KWT,Renewable energy consumption (% of total final energy consumption),EG.FEC.RNEW.ZS,,,,,,,,,,,,,,,,,,,,,,,,,,,,,,,0.2,0.3,0.2,0.1,0,0.1,0.1,0,0,0,0,0,0,0,0,0,0,0,0,0,0,0,0,0,0,0,0,0,0,0.1,0.1,0.1,,,
Latin America & Caribbean (excluding high income),LAC,Renewable energy consumption (% of total final energy consumption),EG.FEC.RNEW.ZS,,,,,,,,,,,,,,,,,,,,,,,,,,,,,,,34.65225369,33.84142435,33.35864089,32.93736217,32.4700341,32.14362587,31.19741187,30.28344121,30.30477607,30.72282416,29.82868979,29.3175362,30.13992894,30.68281624,30.35128929,30.5136178,30.32573246,30.33266806,30.44103421,31.48160767,30.79106379,29.92368412,29.35097794,28.87539915,29.15034793,29.36533396,30.070132,30.642166,31.4749268,31.72545967,34.93118129,,,,
Lao PDR,LAO,Renewable energy consumption (% of total final energy consumption),EG.FEC.RNEW.ZS,,,,,,,,,,,,,,,,,,,,,,,,,,,,,,,88.4,88,87,86.7,86.3,85.6,84.9,84.6,86.6,86.6,81.5,81.1,80.2,78.7,74,73.9,69.8,70.7,69.3,66.4,64.8,63.6,62.4,58.6,58.2,53.3,51.7,50.6,50.2,50.5,50.6,51.5,49.2,,
Lebanon,LBN,Renewable energy consumption (% of total final energy consumption),EG.FEC.RNEW.ZS,,,,,,,,,,,,,,,,,,,,,,,,,,,,,,,11.3,8.5,8,5.4,5.3,4.4,5,4.4,5.5,4.3,4.9,4.6,5.7,7,6.1,6.4,6.4,7.3,5.1,4.3,5.7,6.2,5.6,5.9,4.2,4.2,4,4,4.7,5.1,6.3,6.8,,,
Liberia,LBR,Renewable energy consumption (% of total final energy consumption),EG.FEC.RNEW.ZS,,,,,,,,,,,,,,,,,,,,,,,,,,,,,,,89.1,90.1,89,87.7,87.1,87,87.5,88.1,88.5,90.5,91.3,91.6,91.1,90.3,89.6,87.8,87.6,89.8,91.8,91.8,88.6,87.1,86.2,87.5,91.2,91.9,92.8,93.6,94.4,89.7,93,93.2,92.8,,
Libya,LBY,Renewable energy consumption (% of total final energy consumption),EG.FEC.RNEW.ZS,,,,,,,,,,,,,,,,,,,,,,,,,,,,,,,3.1,3,2.9,2.7,2.4,2.2,2.1,2.1,2.1,2,2,2.9,2.9,2.9,2.8,2.7,2.9,3.1,2.9,2.6,2.5,3.2,2.6,2.4,2.3,2.9,2.8,2.9,2.9,3,3.2,3.1,,,
St. Lucia,LCA,Renewable energy consumption (% of total final energy consumption),EG.FEC.RNEW.ZS,,,,,,,,,,,,,,,,,,,,,,,,,,,,,,,43.1,41.2,36.7,33.8,30.8,29.7,27.4,27.7,25.1,24,24,22.2,21.7,20,18.4,18.4,16.9,16.3,15.5,15.1,13.2,12.9,12.4,12.1,11.7,11.5,11.2,10.2,10.2,10,10,9.7,9.7,,
Latin America & Caribbean,LCN,Renewable energy consumption (% of total final energy consumption),EG.FEC.RNEW.ZS,,,,,,,,,,,,,,,,,,,,,,,,,,,,,,,32.57357398,31.98442548,31.69942001,31.10117741,30.73521281,30.30942127,29.39345351,28.66589954,28.62735642,29.10296416,28.49878267,27.9199322,28.52690473,29.04460789,28.8693247,28.9373843,28.98566607,29.07674684,29.18957556,30.02501699,29.06834074,28.49585951,27.94119111,27.74266633,27.7215959,28.24466662,28.88503274,29.40682416,30.25263912,30.62481177,34.1964973,,,,
Least developed countries: UN classification,LDC,Renewable energy consumption (% of total final energy consumption),EG.FEC.RNEW.ZS,,,,,,,,,,,,,,,,,,,,,,,,,,,,,,,85.79380716,86.17387095,86.32594926,86.74478625,86.45494826,85.42524597,85.04756987,84.32970667,84.37079854,84.11002411,83.81569954,83.04081371,82.61092098,81.41917372,80.99036178,80.75998702,80.10053427,78.84710698,78.17396178,77.04264289,75.90306383,75.29023904,74.11861522,73.45163907,72.8033051,72.64204994,71.70698643,70.6528427,69.66892731,69.50249095,70.88570774,,,,
Low income,LIC,Renewable energy consumption (% of total final energy consumption),EG.FEC.RNEW.ZS,,,,,,,,,,,,,,,,,,,,,,,,,,,,,,,51.35943146,52.53703572,55.17080532,57.14528145,58.92087939,60.04276833,61.52345106,61.79534522,62.390254,62.63152465,61.74722859,61.31326598,62.19670362,62.37859067,61.84795335,60.02008292,59.60810799,59.7232904,58.60285973,61.15354528,61.14797911,64.05736939,64.73737258,68.05364767,68.46572675,72.02510539,72.32428521,68.0372933,67.49360957,67.02200842,69.2018592,,,,
Liechtenstein,LIE,Renewable energy consumption (% of total final energy consumption),EG.FEC.RNEW.ZS,,,,,,,,,,,,,,,,,,,,,,,,,,,,,,,64.8,59.8,57.7,56.1,56.5,55,51.8,53.2,52.6,52,54,51.6,51.3,50.2,50.3,49.9,50.8,53.4,53,55.1,52.3,55.3,55.5,53.5,55,55.5,55.8,55.3,56.8,56.1,55.2,53.6,56.9,,
Sri Lanka,LKA,Renewable energy consumption (% of total final energy consumption),EG.FEC.RNEW.ZS,,,,,,,,,,,,,,,,,,,,,,,,,,,,,,,78.1,78,75.3,74.2,70.6,69.9,64.4,65.9,64.2,63.2,64.2,62.9,62.1,61.3,61.6,60.1,62.2,60.2,61.6,63.5,61.9,56.4,52.9,56.9,54.2,51.3,45.1,45.8,47.9,46.1,49.3,48.8,,,
Lower middle income,LMC,Renewable energy consumption (% of total final energy consumption),EG.FEC.RNEW.ZS,,,,,,,,,,,,,,,,,,,,,,,,,,,,,,,55.49670238,55.36262051,55.23035753,55.00967827,55.11238426,54.34316592,53.70389533,52.61505285,52.26587028,51.6926699,51.47147449,51.19116049,50.48475706,50.32025686,49.74472051,49.21336096,48.57260596,47.2222569,46.05962917,45.21197915,44.03879539,43.23594577,43.32969882,43.29304444,42.3759445,41.50901578,40.55157668,39.8438461,39.74467859,40.14724367,41.63755758,,,,
Low & middle income,LMY,Renewable energy consumption (% of total final energy consumption),EG.FEC.RNEW.ZS,,,,,,,,,,,,,,,,,,,,,,,,,,,,,,,34.16332399,33.91251283,34.25447511,34.40395903,34.63992326,33.81186761,34.03667686,33.58975282,33.70389707,33.95285681,33.48107697,32.89882665,32.3075426,31.03655115,29.05784429,27.48640345,26.69909608,25.5432068,25.06229398,24.78840579,23.81884516,22.91436115,22.7325689,22.74110266,22.77657083,22.82016742,23.06084617,23.09743169,23.19358276,23.69912358,24.59919355,,,,
Lesotho,LSO,Renewable energy consumption (% of total final energy consumption),EG.FEC.RNEW.ZS,,,,,,,,,,,,,,,,,,,,,,,,,,,,,,,52,52,51.4,51,50.8,50.8,50.8,50.6,50.6,56.9,56.7,56.5,56.2,55.9,55.4,55.3,55.5,55.3,55,54,53,42.3,40.8,46.1,43.2,46,45.1,41.5,42.5,41.6,43.2,33.6,34.9,,
Late-demographic dividend,LTE,Renewable energy consumption (% of total final energy consumption),EG.FEC.RNEW.ZS,,,,,,,,,,,,,,,,,,,,,,,,,,,,,,,19.53507138,19.71488228,20.4372203,20.55162912,21.30299541,20.9810219,21.66138114,21.72850439,21.68345061,22.05352964,21.62963179,20.86613767,20.66553631,19.50856439,18.03292237,16.81270633,16.27109334,15.58771249,15.08164508,15.04898538,14.22791339,13.49394016,13.55839053,13.65109061,13.79694494,13.79475628,14.10536045,14.36016985,14.71134029,15.19305531,15.82912607,,,,
Lithuania,LTU,Renewable energy consumption (% of total final energy consumption),EG.FEC.RNEW.ZS,,,,,,,,,,,,,,,,,,,,,,,,,,,,,,,3.1,2.9,4.6,8.9,9.8,10.3,11.5,11.6,12.9,15,17.2,17.6,17.9,18.1,18.1,17.5,17.5,17.1,18.3,20.1,21.5,22.7,23.9,26.3,27.7,29,31.5,33.8,33.7,33.5,31.7,33.2,,,
Luxembourg,LUX,Renewable energy consumption (% of total final energy consumption),EG.FEC.RNEW.ZS,,,,,,,,,,,,,,,,,,,,,,,,,,,,,,,1.7,1.7,2,2,2.8,4,3.1,4.4,6.7,5.9,6.8,3.4,1.3,1.3,1.4,1.9,2.1,3.6,4,3.7,3.7,3.8,4.2,5.7,6.8,9.1,13.5,15.3,16,16.4,20.8,20.5,,,
Latvia,LVA,Renewable energy consumption (% of total final energy consumption),EG.FEC.RNEW.ZS,,,,,,,,,,,,,,,,,,,,,,,,,,,,,,,17.6,18.7,21.6,25.4,28.3,32.4,32,32.9,35.4,36.3,35.8,35.4,34.4,34.3,36.1,36.3,34,33.1,33.7,38.4,33.1,35.5,40.4,39.6,40.2,38.1,38.5,42.6,41,41.5,43.8,44,,,
"Macao SAR, China",MAC,Renewable energy consumption (% of total final energy consumption),EG.FEC.RNEW.ZS,,,,,,,,,,,,,,,,,,,,,,,,,,,,,,,0.8,0.8,0.7,0.6,0.6,0.6,0.5,0.2,0.2,0.2,0.2,0.9,1.4,2.4,2.5,2.3,2.8,3.4,4.7,3,5.5,6.4,11.1,16.6,11.4,5.4,5.4,3.9,8.4,8.4,11,13.6,11,,
St. Martin (French part),MAF,Renewable energy consumption (% of total final energy consumption),EG.FEC.RNEW.ZS,,,,,,,,,,,,,,,,,,,,,,,,,,,,,,,,,,,,,,,,,,,,,,,,,,,,,,,,,,,,,,,,,
Morocco,MAR,Renewable energy consumption (% of total final energy consumption),EG.FEC.RNEW.ZS,,,,,,,,,,,,,,,,,,,,,,,,,,,,,,,22.4,23,21.6,19,19,17.7,19.1,18.8,17.6,15.9,15.5,15.3,15.1,16.1,22.4,20,18.2,16.6,14.4,14.2,13.9,11.8,10.9,11.6,11.1,11.2,11.1,10.4,10.9,10.7,11.1,10.9,,,
Monaco,MCO,Renewable energy consumption (% of total final energy consumption),EG.FEC.RNEW.ZS,,,,,,,,,,,,,,,,,,,,,,,,,,,,,,,,,,,,,,,,,,,,,,,,,,,,,,,,,,,,,,,,,
Moldova,MDA,Renewable energy consumption (% of total final energy consumption),EG.FEC.RNEW.ZS,,,,,,,,,,,,,,,,,,,,,,,,,,,,,,,1.1,1.6,2.2,2.4,2.6,2.8,3.7,3.9,4.1,4.9,5.7,5.6,5.8,5.9,4.8,4.3,5,4.4,4.9,4.8,20,20.4,22.1,23.8,24.3,24.7,25.3,26.1,25.3,22,22.3,21.4,,,
Madagascar,MDG,Renewable energy consumption (% of total final energy consumption),EG.FEC.RNEW.ZS,,,,,,,,,,,,,,,,,,,,,,,,,,,,,,,87.2,86.6,86.7,87,86,86.1,85.5,83.1,82.7,82.7,82.2,84.1,87.2,84.8,84.3,84.9,85.9,86.2,86.4,87.2,86.7,84.5,83.3,81.4,82.2,83.9,83.8,81.9,84.2,82.5,84.7,83.6,83.1,,
Maldives,MDV,Renewable energy consumption (% of total final energy consumption),EG.FEC.RNEW.ZS,,,,,,,,,,,,,,,,,,,,,,,,,,,,,,,4.5,4.4,3.1,3.8,4,3.3,3.2,2.7,3,2.2,2.3,2.3,1.8,2.2,1.7,2,1.6,1.5,1.5,1.5,1.4,1.3,1.2,1.3,1.2,1.5,1.2,1.3,1.3,1.3,1.6,1.4,1.2,,
"Middle East, North Africa, Afghanistan & Pakistan",MEA,Renewable energy consumption (% of total final energy consumption),EG.FEC.RNEW.ZS,,,,,,,,,,,,,,,,,,,,,,,,,,,,,,,11.55654966,11.33623697,10.89729714,10.74928047,10.34481269,10.21272404,10.05571929,9.981317716,9.840802886,9.569885304,9.381843187,9.249631165,9.184398156,9.254385572,9.163251738,9.037959428,8.662595088,8.164632947,7.816086785,7.690267197,7.592808452,7.436342281,7.191387866,7.230356128,7.071221804,7.080073146,7.10925109,7.149274549,7.308586935,7.596708192,7.546757028,,,,
Mexico,MEX,Renewable energy consumption (% of total final energy consumption),EG.FEC.RNEW.ZS,,,,,,,,,,,,,,,,,,,,,,,,,,,,,,,14.4,13.2,13.4,13.3,11.9,13.3,13.1,12.7,12.2,12.8,12.2,11.3,10.7,10.2,10.2,10.3,9.8,9.5,9.8,9.2,9.4,9.1,9,9.2,9.8,9.2,9.2,10.1,10.3,10.3,12.3,13,,,
Marshall Islands,MHL,Renewable energy consumption (% of total final energy consumption),EG.FEC.RNEW.ZS,,,,,,,,,,,,,,,,,,,,,,,,,,,,,,,,,19.3,19,19.4,19.4,19.6,19.7,19.6,19.4,19.6,19.1,18.6,18.6,18.4,18.4,17,15.2,14.8,14,13.7,12.3,12,12.4,12.2,11.7,12.1,12,12,12.1,12,12.1,12.2,,
Middle income,MIC,Renewable energy consumption (% of total final energy consumption),EG.FEC.RNEW.ZS,,,,,,,,,,,,,,,,,,,,,,,,,,,,,,,33.44981068,33.1605967,33.42729013,33.53025305,33.72162779,32.84773736,33.03513275,32.58479097,32.66642257,32.88675508,32.42741699,31.82325968,31.19295884,29.88217796,27.9061884,26.34727745,25.56812723,24.45768366,23.97717977,23.65779449,22.70789065,21.74335045,21.6160443,21.56668211,21.56276498,21.55605369,21.7814211,21.87124317,21.99019821,22.49306805,23.31674809,,,,
North Macedonia,MKD,Renewable energy consumption (% of total final energy consumption),EG.FEC.RNEW.ZS,,,,,,,,,,,,,,,,,,,,,,,,,,,,,,,2.4,4.4,16,14.8,16.6,17.8,14.2,15.9,15.1,17.7,19.4,15.2,14.6,17.3,18.2,19,19.8,15.7,15.6,18.4,22.3,18.6,18.3,21.2,21.2,23.9,21.4,19,20.9,17,20,19.5,,,
Mali,MLI,Renewable energy consumption (% of total final energy consumption),EG.FEC.RNEW.ZS,,,,,,,,,,,,,,,,,,,,,,,,,,,,,,,87.2,87.6,86.9,86.6,85.6,85.1,85.4,84.6,84.8,84.6,83.5,82.1,83.6,85.8,81.5,82.3,81.7,78.9,75,78.7,84,83.6,81.2,84.8,84.6,81.2,77.9,77,77.2,74.9,72.8,71.2,71.1,,
Malta,MLT,Renewable energy consumption (% of total final energy consumption),EG.FEC.RNEW.ZS,,,,,,,,,,,,,,,,,,,,,,,,,,,,,,,0,0,0,0,0,0,0,0,0,0,0,0,0.1,0.1,0.1,0.1,0.2,0.2,0.2,0.3,1.2,2,2.7,3.2,4.5,6,9.2,7.3,7.6,7.4,9.2,8.6,,,
Myanmar,MMR,Renewable energy consumption (% of total final energy consumption),EG.FEC.RNEW.ZS,,,,,,,,,,,,,,,,,,,,,,,,,,,,,,,90.9,91.1,90.8,89.2,88,85.2,84.6,85.2,83.4,81.9,80.2,82.5,83,79.9,80.2,79.6,81.3,80.5,85.6,85.8,84.6,83.8,78.1,75.6,72,70,68.8,59.5,59.4,58.5,59.2,62.9,,,
"Middle East, North Africa, Afghanistan & Pakistan (excluding high income)",MNA,Renewable energy consumption (% of total final energy consumption),EG.FEC.RNEW.ZS,,,,,,,,,,,,,,,,,,,,,,,,,,,,,,,16.01432879,15.73611829,15.09773155,15.02274133,14.51229217,14.22572018,14.09352837,13.87012613,13.80781444,13.32394283,13.00389608,12.84802422,12.83970483,12.96980916,12.70638692,12.47214542,12.02757238,11.43717252,11.18166139,11.09476636,11.20588887,11.07081273,11.04202154,11.14421506,11.0400706,11.2870522,11.15030648,10.94136851,10.96197322,11.48654707,11.21813263,,,,
Montenegro,MNE,Renewable energy consumption (% of total final energy consumption),EG.FEC.RNEW.ZS,,,,,,,,,,,,,,,,,,,,,,,,,,,,,,,,,,,,,,,,,,,,,,47.6,44.8,42.3,38.8,49.2,49.1,42.8,45.9,49.3,46,43,43.9,37.8,40.6,38.7,39.6,39.6,,,
Mongolia,MNG,Renewable energy consumption (% of total final energy consumption),EG.FEC.RNEW.ZS,,,,,,,,,,,,,,,,,,,,,,,,,,,,,,,1.9,2,2.4,2.7,3,3,3.4,3.4,3.7,3.6,5.7,6.1,6.5,6.1,5.8,5.3,4.5,4.7,4.7,4.4,4.5,4,3,3,3.3,3.5,3.4,1.8,2.1,2.3,2.9,3,,,
Northern Mariana Islands,MNP,Renewable energy consumption (% of total final energy consumption),EG.FEC.RNEW.ZS,,,,,,,,,,,,,,,,,,,,,,,,,,,,,,,,,0,0,0,0,0,0,0,0,0,0,0,0,0,0,0,0,0,0,0,0,0,0,0,0,0,0,0,0,0.3,0.5,0.5,,
Mozambique,MOZ,Renewable energy consumption (% of total final energy consumption),EG.FEC.RNEW.ZS,,,,,,,,,,,,,,,,,,,,,,,,,,,,,,,93,94.2,93,91.8,93.1,92.8,93.1,92.6,94,94.2,93.6,93,93.2,92.7,92.9,93.7,93.1,87.5,88.1,86.1,84.9,85.4,84.5,83.1,81.2,80.1,77.4,78.2,79,77.5,80.2,76.9,,,
Mauritania,MRT,Renewable energy consumption (% of total final energy consumption),EG.FEC.RNEW.ZS,,,,,,,,,,,,,,,,,,,,,,,,,,,,,,,47,46.7,46.4,46.1,45.5,45.2,43.9,43.8,46,43.9,44.4,44.2,42.1,40.2,38.6,38.8,39.1,35.6,35.8,33.4,34,33.3,31.9,35.1,31,28.3,31.7,25.5,21.6,21.2,20.9,22.1,19.6,,
Mauritius,MUS,Renewable energy consumption (% of total final energy consumption),EG.FEC.RNEW.ZS,,,,,,,,,,,,,,,,,,,,,,,,,,,,,,,47.1,43.4,43.2,38.8,35.4,38.8,35.6,36.5,33.5,21,20.4,20.1,17.9,18.9,19.1,17.6,16.4,15.7,12.7,12.8,12.8,12,11.4,11.4,10.6,11.5,10.3,9.4,9.2,8.9,9.4,8.6,,,
Malawi,MWI,Renewable energy consumption (% of total final energy consumption),EG.FEC.RNEW.ZS,,,,,,,,,,,,,,,,,,,,,,,,,,,,,,,84,82.6,82.7,81.3,82,81.7,81.4,81.2,81.9,81,82.6,83.1,83.3,82.8,82.4,83.2,82.8,82.2,80.4,80,81.2,80.2,80.2,79.8,82.8,81,78.9,76.9,73.2,70.9,71.5,71.1,62.9,,
Malaysia,MYS,Renewable energy consumption (% of total final energy consumption),EG.FEC.RNEW.ZS,,,,,,,,,,,,,,,,,,,,,,,,,,,,,,,8.3,7.6,6.9,6.7,6.8,6.1,4.9,4.2,4.5,4.9,4.4,4.2,3.5,3.3,3.2,3,3.1,2.8,3,2.3,2,2.2,2.5,2.8,3,3.4,4.4,5.2,5.3,5.7,7,7.5,,,
North America,NAC,Renewable energy consumption (% of total final energy consumption),EG.FEC.RNEW.ZS,,,,,,,,,,,,,,,,,,,,,,,,,,,,,,,6.201988243,6.45852428,6.711760596,6.255770519,6.099356369,6.679157571,6.735715499,6.426535623,6.414853291,7.49497473,6.997940511,6.29470806,6.49353146,6.909956674,7.166959045,7.501632596,7.990643842,7.942119679,8.396722681,8.923920508,8.882697959,9.862064248,10.00553593,10.39064572,10.48938422,10.39238845,10.72467051,11.20916908,11.31142621,11.5807525,12.46288234,,,,
Namibia,NAM,Renewable energy consumption (% of total final energy consumption),EG.FEC.RNEW.ZS,,,,,,,,,,,,,,,,,,,,,,,,,,,,,,,,42.5,40.3,38,32.8,32.1,31.4,30.6,31.7,32.7,34.8,30.4,33.8,33.3,34.8,34.6,35.8,36.5,32.5,33.4,31.2,31.6,31.9,30.7,30.2,29.3,29.2,30.2,30.9,30.2,31.2,30,,,
New Caledonia,NCL,Renewable energy consumption (% of total final energy consumption),EG.FEC.RNEW.ZS,,,,,,,,,,,,,,,,,,,,,,,,,,,,,,,10.6,7.8,7,5.8,5.8,4.8,7.1,8,8.5,9.5,7.5,6.7,5.3,4.9,5.2,5.1,4.5,5.8,7.8,7,4.8,5.9,6.2,6.6,4.3,5.1,3.7,5.1,4.6,5.2,6.1,8.3,9.6,,
Niger,NER,Renewable energy consumption (% of total final energy consumption),EG.FEC.RNEW.ZS,,,,,,,,,,,,,,,,,,,,,,,,,,,,,,,91.4,92.1,92.8,92,92.6,93.4,91.9,93.5,93.1,93,87.6,87.7,87.7,87,87,87.5,87.4,86.2,86.1,83.2,80.7,77.2,72.7,78.7,78.1,78.9,80.2,82,82,80.7,81.9,79.6,,,
Nigeria,NGA,Renewable energy consumption (% of total final energy consumption),EG.FEC.RNEW.ZS,,,,,,,,,,,,,,,,,,,,,,,,,,,,,,,87.8,86.5,84.5,86.3,88.6,88,87.1,85.6,87.2,87.2,86,84.5,84.5,82.9,84,83.9,85.8,87.1,85.7,88.1,86,84.1,83.9,81.4,79.9,81.3,81.1,81.6,80.8,80.1,81.8,80.3,,,
Nicaragua,NIC,Renewable energy consumption (% of total final energy consumption),EG.FEC.RNEW.ZS,,,,,,,,,,,,,,,,,,,,,,,,,,,,,,,68.8,70.6,67.2,67.7,64.6,64.6,63.9,62.8,60.5,59.4,58.4,56.7,54.7,51.5,51.2,52.8,53.3,52.6,53.8,54.6,54.4,53.3,53.3,54.3,53,50,49.5,48.9,51.3,50.5,52.2,50.4,,,
Netherlands,NLD,Renewable energy consumption (% of total final energy consumption),EG.FEC.RNEW.ZS,,,,,,,,,,,,,,,,,,,,,,,,,,,,,,,1.2,1.1,1.2,1.2,1.2,1.2,1.3,1.5,1.6,1.6,1.7,1.8,1.9,1.9,2.2,2.7,3.1,3.7,3.9,4.4,3.9,4.7,4.9,5,5.6,5.8,5.6,6.4,7.4,8.6,10.7,12.2,,,
Norway,NOR,Renewable energy consumption (% of total final energy consumption),EG.FEC.RNEW.ZS,,,,,,,,,,,,,,,,,,,,,,,,,,,,,,,59.2,60.8,61.4,61.1,60.4,60,57.9,58.8,59.5,59.4,60.2,59.6,59.5,56.2,56.9,58.6,57,57.4,58.5,56.7,56,56,56.9,56.6,55.8,56.5,57.7,58.9,58.9,59.8,60.9,61.4,,,
Nepal,NPL,Renewable energy consumption (% of total final energy consumption),EG.FEC.RNEW.ZS,,,,,,,,,,,,,,,,,,,,,,,,,,,,,,,95.1,94.2,94.2,93.6,92.4,91.7,91.5,90.7,90.5,88,88.3,87.8,90,89.4,90.3,89.5,91.2,91.3,90.5,88.9,87.3,87,84.7,86,84,85.2,79.4,76.8,75,78.2,73.1,73.7,,,
Nauru,NRU,Renewable energy consumption (% of total final energy consumption),EG.FEC.RNEW.ZS,,,,,,,,,,,,,,,,,,,,,,,,,,,,,,,0,0,0,0,0,0,0,0,0,0,0,0,0,0,0,0,0.1,0.1,0.1,0,0,0,0.1,0.1,0,0.1,0.2,0.6,0.7,0.6,1.3,1.6,1.9,,
New Zealand,NZL,Renewable energy consumption (% of total final energy consumption),EG.FEC.RNEW.ZS,,,,,,,,,,,,,,,,,,,,,,,,,,,,,,,28,27.6,25.6,27.3,28.2,28.7,27.6,25.9,27.3,26.4,26.4,24.6,26.6,25.9,28.2,26.8,27,27,26.1,28.5,29.4,30.3,28.8,28.3,29,29.3,30.1,28.4,28.9,28,28.7,28.9,,,
OECD members,OED,Renewable energy consumption (% of total final energy consumption),EG.FEC.RNEW.ZS,,,,,,,,,,,,,,,,,,,,,,,,,,,,,,,7.212262305,7.33502705,7.467150607,7.399507925,7.219055389,7.530377206,7.496906653,7.404909782,7.47897453,7.944887233,7.753341263,7.399101291,7.487178169,7.768222512,7.997927205,8.275068901,8.751592298,9.008152486,9.510784061,10.12051212,10.37431447,10.90462248,11.38234545,11.87753532,12.12757431,12.26114509,12.43238463,12.79543911,13.2024399,13.6864487,14.83803632,,,,
Oman,OMN,Renewable energy consumption (% of total final energy consumption),EG.FEC.RNEW.ZS,,,,,,,,,,,,,,,,,,,,,,,,,,,,,,,0,0,0,0,0,0,0,0,0,0,0,0,0,0,0,0,0,0,0,0,0,0,0,0,0,0,0,0,0,0,0.1,0.1,,,
Other small states,OSS,Renewable energy consumption (% of total final energy consumption),EG.FEC.RNEW.ZS,,,,,,,,,,,,,,,,,,,,,,,,,,,,,,,23.88607479,23.43957718,28.16834764,29.30736901,30.50708402,33.41187379,33.23017173,33.0027671,33.51705867,34.22591542,34.8842401,34.40600496,34.89732295,34.67939924,34.40536866,34.97501063,33.12500479,34.37382685,36.1920582,39.48305432,40.19846125,40.44580621,40.71716912,41.19030481,41.59394049,42.57601987,42.15653839,41.43665352,42.36261,42.39047074,45.40422145,,,,
Pakistan,PAK,Renewable energy consumption (% of total final energy consumption),EG.FEC.RNEW.ZS,,,,,,,,,,,,,,,,,,,,,,,,,,,,,,,57.5,58.1,56,54.1,54.2,53.1,52.2,51.9,51.6,50.2,51,51.5,51.4,50.1,47.9,48,47,44.9,46.6,46.4,47.4,46.8,47.2,48.1,47.2,45.9,43.7,42.1,43.4,45.9,42.7,41.6,,,
Panama,PAN,Renewable energy consumption (% of total final energy consumption),EG.FEC.RNEW.ZS,,,,,,,,,,,,,,,,,,,,,,,,,,,,,,,43,40.7,39.7,39.9,37.8,34.8,36.8,36.5,31.4,33.7,27.7,24,28.7,27.4,28.2,22.8,22.1,22.8,23.4,20.4,20.6,19.7,21.2,20.7,19.8,22,22.1,23.6,24.5,19,28.5,28,,,
Peru,PER,Renewable energy consumption (% of total final energy consumption),EG.FEC.RNEW.ZS,,,,,,,,,,,,,,,,,,,,,,,,,,,,,,,39.4,39.9,37.3,37.1,35.9,33.3,31.7,31.7,39.4,36.7,38.6,41.2,40.2,40.9,37.8,38.4,38.7,36,33.7,32.9,32.2,30.6,30.8,28.4,28.6,27.4,27.2,27.6,27.9,27.1,31.6,30.6,,,
Philippines,PHL,Renewable energy consumption (% of total final energy consumption),EG.FEC.RNEW.ZS,,,,,,,,,,,,,,,,,,,,,,,,,,,,,,,49.5,51.3,47.7,44.1,43.1,37.8,35.8,33.4,32.8,33.6,33.9,32.9,31.8,30.9,30.2,31.3,33.3,32.4,33.9,34.1,32.7,33.8,34.1,33.1,32.4,30.8,28.6,27.8,27.6,26.9,29.1,28,,,
Palau,PLW,Renewable energy consumption (% of total final energy consumption),EG.FEC.RNEW.ZS,,,,,,,,,,,,,,,,,,,,,,,,,,,,,,,,,0,0,0,0,0,0,0,0,0,0,0,0,0,0,0,0,0,0,0,0,0,0,0.3,0.4,0.6,0.6,0.6,0.9,0.9,0.9,0.9,,
Papua New Guinea,PNG,Renewable energy consumption (% of total final energy consumption),EG.FEC.RNEW.ZS,,,,,,,,,,,,,,,,,,,,,,,,,,,,,,,71.7,71.7,71.6,71.2,69.4,70.7,69.9,68.7,67.7,68.7,66.4,63.4,62.5,60.4,57.5,58.6,58.9,57.1,56.9,56,55.2,54.7,55.5,58.3,56.9,55.3,54.8,54.7,53.4,53.2,53.6,54.5,54.6,,
Poland,POL,Renewable energy consumption (% of total final energy consumption),EG.FEC.RNEW.ZS,,,,,,,,,,,,,,,,,,,,,,,,,,,,,,,2.5,2.1,2.3,6.1,6.2,6.3,5.9,6,6.5,6.4,6.9,7.3,7.5,7.3,7.3,7.2,7.2,7.3,8,8.8,9.5,10.4,10.9,11.4,11.6,11.9,11.3,11.1,15.1,15.6,16.1,15.2,,,
Pre-demographic dividend,PRE,Renewable energy consumption (% of total final energy consumption),EG.FEC.RNEW.ZS,,,,,,,,,,,,,,,,,,,,,,,,,,,,,,,78.20409106,79.61144885,77.79038711,78.45795392,79.18693298,79.31930816,78.9738225,78.36472212,79.25425563,79.14261207,78.33002338,77.55615474,77.73364274,78.53844298,77.93493177,78.08094575,78.10891162,77.98278839,77.0470225,77.57746604,75.71356225,74.65281916,73.18654424,72.2325804,72.71701969,73.33989167,72.84281947,72.75715193,71.90686247,71.43987095,73.32852839,,,,
Puerto Rico (US),PRI,Renewable energy consumption (% of total final energy consumption),EG.FEC.RNEW.ZS,,,,,,,,,,,,,,,,,,,,,,,,,,,,,,,1.8,1.8,1.8,0.8,0.2,0.5,0.7,0.5,0.5,0.7,0.6,0.5,0.5,0.5,0.5,0.6,0.5,0.5,0.5,0.5,0.4,0.7,0.5,1.4,1.6,1.9,1.9,2.3,1.4,2.4,2.5,2.6,2.5,,
"Korea, Dem. People's Rep.",PRK,Renewable energy consumption (% of total final energy consumption),EG.FEC.RNEW.ZS,,,,,,,,,,,,,,,,,,,,,,,,,,,,,,,7.2,7.5,7.7,8,9,9.6,10.2,9.6,9.9,9.4,8.7,8.6,9,9.3,9.4,9.2,9,10.9,10.2,10.4,11,14.8,15.4,20.8,18.5,22.6,24,10.2,11.9,10,11.2,14.7,,,
Portugal,PRT,Renewable energy consumption (% of total final energy consumption),EG.FEC.RNEW.ZS,,,,,,,,,,,,,,,,,,,,,,,,,,,,,,,27,25.8,22.4,24.4,25,23.7,25.4,24.6,22.4,19,20.1,20.8,18.3,22.1,19.9,18.1,22.3,23.1,23.2,24.9,27.8,27.2,25.5,30.2,30.5,27.2,29,24.4,27.5,28.2,31.3,32.3,,,
Paraguay,PRY,Renewable energy consumption (% of total final energy consumption),EG.FEC.RNEW.ZS,,,,,,,,,,,,,,,,,,,,,,,,,,,,,,,78.5,79.2,75.7,72.6,69.9,70.2,70.8,69.5,67.4,65.9,70.4,69.8,67.7,67,66.8,68.8,66.5,68.4,65.8,65.4,63.6,62.5,63.4,62.5,62.5,60.5,62.5,60.1,59.2,60.1,61.5,58.8,,,
West Bank and Gaza,PSE,Renewable energy consumption (% of total final energy consumption),EG.FEC.RNEW.ZS,,,,,,,,,,,,,,,,,,,,,,,,,,,,,,,22.1,22,21.5,21.3,21,21,20.2,17.2,16.4,15.9,17.5,17.1,21.8,21.7,23.1,22.8,18.1,20.5,20.1,16.5,14.1,15.4,12.2,11.7,10.8,11,12.3,10.5,12.7,13.9,15,15.4,15.4,,
Pacific island small states,PSS,Renewable energy consumption (% of total final energy consumption),EG.FEC.RNEW.ZS,,,,,,,,,,,,,,,,,,,,,,,,,,,,,,,52.82083333,51.4216129,47.11432507,47.68010753,50.37633588,47.1890625,46.70282776,43.23705722,39.6826087,44.82564767,43.32020997,38.2140665,41.8976,37.71937984,35.03215962,37.43149606,36.36748166,34.25503686,36.96166667,34.71133721,29.67853261,31.40289474,31.20371353,31.0864532,31.22149533,31.33217593,28.85048544,28.98914027,27.35374449,27.38898488,29.42584541,,,,
Post-demographic dividend,PST,Renewable energy consumption (% of total final energy consumption),EG.FEC.RNEW.ZS,,,,,,,,,,,,,,,,,,,,,,,,,,,,,,,6.336603052,6.498935794,6.632650599,6.503435863,6.390816816,6.67730116,6.69588195,6.671693088,6.763519674,7.255322368,7.103182575,6.749336088,6.814034864,7.125979281,7.356609864,7.641784028,8.139443218,8.42384488,8.912922168,9.547314013,9.817071124,10.33740535,10.85574035,11.33577139,11.66878491,11.84256042,12.06220716,12.48463814,12.85761788,13.2726557,14.42785484,,,,
French Polynesia,PYF,Renewable energy consumption (% of total final energy consumption),EG.FEC.RNEW.ZS,,,,,,,,,,,,,,,,,,,,,,,,,,,,,,,4.3,4.3,6.9,7.2,6.8,8.3,7.4,7.4,10.1,7.1,8.8,6.7,6.2,7.2,7.7,8,10.1,9.8,9.3,9.3,7.5,6.9,6.6,6.5,7.4,7.8,8.1,8.1,7.7,7.7,8.2,7.4,7,,
Qatar,QAT,Renewable energy consumption (% of total final energy consumption),EG.FEC.RNEW.ZS,,,,,,,,,,,,,,,,,,,,,,,,,,,,,,,0.2,0.2,0.1,0,0,0.1,0.1,0.1,0.1,0.1,0.1,0.1,0.1,0,0,0,0.1,0.1,0.1,0.1,0.1,0.1,0,0,0,0,0.1,0.1,0,0.1,0,0,,,
Romania,ROU,Renewable energy consumption (% of total final energy consumption),EG.FEC.RNEW.ZS,,,,,,,,,,,,,,,,,,,,,,,,,,,,,,,3.4,5,5.6,7.2,7.6,8.6,11.9,15.8,16.3,17.7,16.4,13.4,14.4,15.7,17.3,18.5,17.4,18.2,20.4,22.1,24.1,21.1,21.5,23.1,24.3,23.7,24.4,23.4,23,23.5,24.1,23.6,,,
Russian Federation,RUS,Renewable energy consumption (% of total final energy consumption),EG.FEC.RNEW.ZS,,,,,,,,,,,,,,,,,,,,,,,,,,,,,,,3.8,3.8,4,4,3.9,3.9,3.7,3.8,3.6,3.8,3.5,3.6,3.5,3.3,3.5,3.6,3.5,3.7,3.3,3.6,3.3,3.2,3.2,3.6,3.3,3.2,3.4,3.2,3.2,3.2,3.7,3.5,,,
Rwanda,RWA,Renewable energy consumption (% of total final energy consumption),EG.FEC.RNEW.ZS,,,,,,,,,,,,,,,,,,,,,,,,,,,,,,,80.1,81.8,81.6,81.3,78.5,88.4,89.2,91.1,90.8,90.8,86.8,86.9,87.1,87.3,87.6,89.2,90.6,90.3,90.6,90.5,90.5,89.7,88.8,88.5,88,86.3,85.5,84.5,82.8,81.8,81.7,79.4,79.9,,
South Asia,SAS,Renewable energy consumption (% of total final energy consumption),EG.FEC.RNEW.ZS,,,,,,,,,,,,,,,,,,,,,,,,,,,,,,,55.63637229,54.69660648,54.15250203,54.07457736,52.94891817,51.81971612,51.26214518,50.07978351,50.15207402,49.28715393,49.17864448,49.16709936,47.93807884,47.667348,46.99979267,46.22241989,45.24530534,43.53226007,41.44806756,39.4741031,38.15666301,36.80927131,36.38518888,36.61075585,35.50965224,34.88341685,34.20747724,33.58888747,33.88349982,34.42935799,36.88646591,,,,
Saudi Arabia,SAU,Renewable energy consumption (% of total final energy consumption),EG.FEC.RNEW.ZS,,,,,,,,,,,,,,,,,,,,,,,,,,,,,,,0,0,0,0,0,0,0,0,0,0,0,0,0,0,0,0,0,0,0,0,0,0,0,0,0,0,0,0,0,0,0.1,0.1,,,
Sudan,SDN,Renewable energy consumption (% of total final energy consumption),EG.FEC.RNEW.ZS,,,,,,,,,,,,,,,,,,,,,,,,,,,,,,,73.3,76.2,77.4,85.6,79.5,81.5,83.6,80.5,81.9,80.8,80.4,79.4,76.8,77,75.4,72.3,69.2,65.6,63.5,63.1,61.3,63.7,63.7,64.3,63.7,61.9,58.9,59.4,59.8,59.4,62.6,61,,,
Senegal,SEN,Renewable energy consumption (% of total final energy consumption),EG.FEC.RNEW.ZS,,,,,,,,,,,,,,,,,,,,,,,,,,,,,,,55.5,55.3,53.7,55.1,54.8,53.2,52.5,50.7,48,45.9,47.5,45.8,43.8,43.7,39.9,40.3,43.4,40,39.8,51.3,49.5,48,49.6,42.7,42.5,39.1,36.7,36.8,34.2,36.2,38.7,35.4,,,
Singapore,SGP,Renewable energy consumption (% of total final energy consumption),EG.FEC.RNEW.ZS,,,,,,,,,,,,,,,,,,,,,,,,,,,,,,,0.2,0.5,0.5,0.5,0.5,0.4,0.5,0.4,0.4,0.4,0.3,0.6,0.6,0.6,0.5,0.5,0.5,0.5,0.5,0.5,0.5,0.5,0.5,0.6,0.6,0.7,0.7,0.7,0.8,0.9,0.9,1.1,,,
Solomon Islands,SLB,Renewable energy consumption (% of total final energy consumption),EG.FEC.RNEW.ZS,,,,,,,,,,,,,,,,,,,,,,,,,,,,,,,60.2,59,57.7,56.1,54.5,54.1,52.5,53.1,52.5,55.3,55.3,54.1,52.8,51.5,49.9,49.7,48.9,47.4,46.7,45.8,45.1,43.6,43.8,41.8,45.9,48.6,48.7,49,48.6,48.4,49,49.1,50.1,,
Sierra Leone,SLE,Renewable energy consumption (% of total final energy consumption),EG.FEC.RNEW.ZS,,,,,,,,,,,,,,,,,,,,,,,,,,,,,,,92.3,91.8,92.5,93,92.7,93.8,94.3,94.5,94.6,95,93.3,91.2,88,86.5,86.5,88.1,84.4,86.3,86,86.1,84.9,81,79.1,74.6,73,74,73.6,74.6,75.9,75.4,75.1,71.1,71.6,,
El Salvador,SLV,Renewable energy consumption (% of total final energy consumption),EG.FEC.RNEW.ZS,,,,,,,,,,,,,,,,,,,,,,,,,,,,,,,67.1,64.7,61.7,59.3,57.2,54.7,56.9,53,51.7,51,33.5,33.1,34,33.9,33.3,34.1,34.8,28.2,31.5,32.2,32.6,29.5,30.3,27.5,24,21,20.7,25,23.2,19.4,23.7,21.9,,,
San Marino,SMR,Renewable energy consumption (% of total final energy consumption),EG.FEC.RNEW.ZS,,,,,,,,,,,,,,,,,,,,,,,,,,,,,,,,,,,,,,,,,,,,,,,,,,,,,,,,,,,,,,,,,
Somalia,SOM,Renewable energy consumption (% of total final energy consumption),EG.FEC.RNEW.ZS,,,,,,,,,,,,,,,,,,,,,,,,,,,,,,,86.3,87.6,88.8,89.4,89.9,90.6,91,91.7,92.5,92.9,93.3,93.3,92.6,92.8,93,93.3,93.5,93,93.4,93.6,93.6,93.7,93.9,94.4,94.6,94.5,94.8,94.9,94.9,95,95.5,95.4,95.4,,
Serbia,SRB,Renewable energy consumption (% of total final energy consumption),EG.FEC.RNEW.ZS,,,,,,,,,,,,,,,,,,,,,,,,,,,,,,,14.5,17.2,17.8,19.2,20.9,23.3,18,15.2,15.5,22.1,22.1,19.6,18,15.7,14.6,16.1,15.3,14,15.5,20.7,20.5,17.4,19.5,20,23.2,21.2,20.9,20,21,21.4,26,27.2,,,
Sub-Saharan Africa (excluding high income),SSA,Renewable energy consumption (% of total final energy consumption),EG.FEC.RNEW.ZS,,,,,,,,,,,,,,,,,,,,,,,,,,,,,,,68.62814454,69.31594879,69.90423716,70.88684824,71.67277135,71.28471233,70.34488215,69.45145916,70.1775504,70.73512898,70.54003433,70.45242353,69.90539032,69.19353684,68.66080037,68.3182127,68.41807689,67.86632246,67.72399943,67.78839881,68.33517949,67.73963693,66.67435124,65.56336367,65.36614796,65.76627757,65.76287664,65.55725343,65.45058897,66.05626169,68.16931382,,,,
South Sudan,SSD,Renewable energy consumption (% of total final energy consumption),EG.FEC.RNEW.ZS,,,,,,,,,,,,,,,,,,,,,,,,,,,,,,,,,,,,,,,,,,,,,,,,,,,,,30.6,30.1,29.4,27.5,28.7,35.1,31.5,31.4,32.8,32.4,,,
Sub-Saharan Africa,SSF,Renewable energy consumption (% of total final energy consumption),EG.FEC.RNEW.ZS,,,,,,,,,,,,,,,,,,,,,,,,,,,,,,,70.72359427,71.40000749,72.05298793,72.97355913,73.68822879,73.30621961,72.41168332,71.58900025,72.27436056,72.80103181,72.64310595,72.52056264,72.00354221,71.31432365,70.80525212,70.52373308,70.61462025,70.11007504,69.97629642,70.03698312,70.55225258,69.95492148,68.96843045,67.8510971,67.63037077,68.02555158,67.96252382,67.81755447,67.66607132,68.16938502,70.27011339,,,,
Small states,SST,Renewable energy consumption (% of total final energy consumption),EG.FEC.RNEW.ZS,,,,,,,,,,,,,,,,,,,,,,,,,,,,,,,23.64927944,22.59045378,25.84240709,26.79996091,27.33900337,28.70009311,28.45655665,27.80214459,27.40425164,28.09259637,28.00683488,27.03831069,27.88288177,27.25028469,26.92710267,27.23336084,26.63358476,26.84310924,28.49535435,30.27769793,29.72656906,30.24959827,30.18460166,30.33878549,30.19997662,31.17551469,31.37349495,31.16773641,32.28266349,31.65599249,34.26091395,,,,
Sao Tome and Principe,STP,Renewable energy consumption (% of total final energy consumption),EG.FEC.RNEW.ZS,,,,,,,,,,,,,,,,,,,,,,,,,,,,,,,50.9,50.9,54.2,54.5,53.4,53.9,55.6,56.1,55.1,56.7,54.7,55.5,55.3,51.8,48.9,47.9,47.3,47.7,46,45.4,38.2,42.4,40.1,42.8,38.4,39.2,38.1,39.2,40.6,38.6,41.6,40.8,42.5,,
Suriname,SUR,Renewable energy consumption (% of total final energy consumption),EG.FEC.RNEW.ZS,,,,,,,,,,,,,,,,,,,,,,,,,,,,,,,,,,,,,,,,,23.6,24.1,27.8,24.6,22.6,18.9,22.1,24.6,26.2,26.5,22.1,21.2,15.8,17.6,12.8,11.6,11.1,15.5,18.3,14.9,14.6,14.5,,,
Slovak Republic,SVK,Renewable energy consumption (% of total final energy consumption),EG.FEC.RNEW.ZS,,,,,,,,,,,,,,,,,,,,,,,,,,,,,,,2.2,2.1,2.3,4.1,4.7,4.2,3.9,3.9,3.6,3.8,3.7,6,5.5,5.3,6.2,6.3,6.6,8.2,7.6,10,10.3,10.4,10.5,10.7,12.2,13.4,13.1,12.4,12.4,17.6,17.6,17.9,,,
Slovenia,SVN,Renewable energy consumption (% of total final energy consumption),EG.FEC.RNEW.ZS,,,,,,,,,,,,,,,,,,,,,,,,,,,,,,,12.3,13.1,13.9,12.4,12.3,11.5,11.1,10.2,11.1,10.9,18,18.7,16.3,16.9,17.8,18.6,17.4,18.4,17.6,19.6,20.1,19.1,20.2,22.5,22.9,21.4,21,19.7,20.6,20.9,22.7,23.4,,,
Sweden,SWE,Renewable energy consumption (% of total final energy consumption),EG.FEC.RNEW.ZS,,,,,,,,,,,,,,,,,,,,,,,,,,,,,,,34.1,32.5,33.2,34.4,31.4,33.9,31.4,35.5,35.5,34.6,39.8,37.4,35.9,34.6,35.5,39.3,40.1,41.8,43.2,45.7,44.7,45.4,48.3,47.3,48.6,51.9,50.9,51.8,51.6,52.9,57.8,57.9,,,
Eswatini,SWZ,Renewable energy consumption (% of total final energy consumption),EG.FEC.RNEW.ZS,,,,,,,,,,,,,,,,,,,,,,,,,,,,,,,62.2,61.8,63.2,62.2,55.3,54.6,63,55,56.8,56,60.1,60.9,63.6,66.5,66.6,67,66.8,66.9,67.8,66.7,68.5,69.3,68.8,66.1,68.3,68.8,64.3,65.3,65.7,64.4,63.7,65.4,64.7,,
Sint Maarten (Dutch part),SXM,Renewable energy consumption (% of total final energy consumption),EG.FEC.RNEW.ZS,,,,,,,,,,,,,,,,,,,,,,,,,,,,,,,,,,,,,,,,,,,,,,,,,,,,,0,0,0,0,0,0,0,0,0,0,0,,
Seychelles,SYC,Renewable energy consumption (% of total final energy consumption),EG.FEC.RNEW.ZS,,,,,,,,,,,,,,,,,,,,,,,,,,,,,,,4.2,3.5,3.3,3.1,2.8,3,2.3,2.1,1.9,1.8,1.5,1.3,1.1,1.1,1,0.9,0.9,1,0.9,0.8,0.7,0.8,0.8,1.5,1.4,1.4,1.2,1.2,1.2,1.2,1.3,1.7,1.9,,
Syrian Arab Republic,SYR,Renewable energy consumption (% of total final energy consumption),EG.FEC.RNEW.ZS,,,,,,,,,,,,,,,,,,,,,,,,,,,,,,,2.4,2.1,2.2,2.2,2,1.8,1.6,1.7,1.6,1.8,2,2.1,1.6,1.9,2.6,2.1,1.8,1.5,1.2,0.9,1.4,1.6,2,3.1,2.7,0.6,1.3,1.1,0.9,1,1.1,1.1,,,
Turks and Caicos Islands,TCA,Renewable energy consumption (% of total final energy consumption),EG.FEC.RNEW.ZS,,,,,,,,,,,,,,,,,,,,,,,,,,,,,,,0.8,0.5,0.3,0.5,0.5,0.5,0.6,0.5,0.5,0.5,0.4,0.4,0.4,0.4,0.4,0.4,0.3,0.3,0.3,0.3,0.3,0.4,0.4,0.4,0.4,0.4,0.4,0.3,0.4,0.5,0.5,0.8,0.8,,
Chad,TCD,Renewable energy consumption (% of total final energy consumption),EG.FEC.RNEW.ZS,,,,,,,,,,,,,,,,,,,,,,,,,,,,,,,89.5,89.3,89.2,89.5,89.3,89.2,89,88.9,88.9,88.7,88.7,88.6,88.5,83.9,84,83.8,83.7,82.4,79.8,79.4,79.2,80.7,76.1,72.6,72.5,72.7,72.7,72.8,73.1,72.8,71.9,69.9,70,,
East Asia & Pacific (IDA & IBRD countries),TEA,Renewable energy consumption (% of total final energy consumption),EG.FEC.RNEW.ZS,,,,,,,,,,,,,,,,,,,,,,,,,,,,,,,37.81559434,37.01479689,36.56015618,35.00932739,34.26787391,32.47720274,33.03717034,32.42014505,32.23384397,32.62759596,32.04738381,30.85438402,29.60696544,26.9036924,23.4592337,20.88682911,19.90886683,18.51489996,17.86407208,17.02082279,15.76108897,14.70466691,14.70994084,14.58288784,14.82629343,14.51028164,14.90203803,15.19022731,15.28017192,15.72067172,16.20410191,,,,
Europe & Central Asia (IDA & IBRD countries),TEC,Renewable energy consumption (% of total final energy consumption),EG.FEC.RNEW.ZS,,,,,,,,,,,,,,,,,,,,,,,,,,,,,,,4.079409131,4.19075814,4.481974745,5.056829087,5.261840263,5.39400634,5.657305664,5.902469638,5.972861121,6.064268554,5.776878309,5.705127022,5.769216094,5.64950276,5.881335112,5.996649552,5.817341502,5.75867133,5.64264696,6.304972,6.452944818,6.049484561,6.284022871,6.841656974,6.525843808,6.915551489,7.040150932,6.756338432,7.257799899,7.590125276,8.026844163,,,,
Togo,TGO,Renewable energy consumption (% of total final energy consumption),EG.FEC.RNEW.ZS,,,,,,,,,,,,,,,,,,,,,,,,,,,,,,,78.7,82.1,85.8,91.5,81.6,81.5,73.1,79.6,77.8,73.1,77.1,82,78.7,74.8,76.1,77.2,79.7,79.9,76.5,63.4,65.8,69.1,72.7,76.2,81.4,81,80.7,78.4,76.7,78.6,76.2,75.1,,,
Thailand,THA,Renewable energy consumption (% of total final energy consumption),EG.FEC.RNEW.ZS,,,,,,,,,,,,,,,,,,,,,,,,,,,,,,,33.5,33,31.7,26.4,23.8,22.6,21,21.1,21.5,21.1,21.8,19.9,19.9,20.2,19.9,20.1,20.5,21.6,22.6,22.8,22.8,23,23.6,23.2,24.4,22.6,22.4,22.2,23.7,23.9,20.9,19,,,
Tajikistan,TJK,Renewable energy consumption (% of total final energy consumption),EG.FEC.RNEW.ZS,,,,,,,,,,,,,,,,,,,,,,,,,,,,,,,29.6,31,37.4,44,57.2,60.6,62.7,56.8,55.8,59.7,62.4,64.1,64.2,64.6,61.4,63.7,61.6,53.8,54.6,60.6,61.8,60,55.8,55.1,45.9,48.1,43.7,44.2,41.6,40.1,38.8,34.9,,,
Turkmenistan,TKM,Renewable energy consumption (% of total final energy consumption),EG.FEC.RNEW.ZS,,,,,,,,,,,,,,,,,,,,,,,,,,,,,,,0,0,0,0,0,0,0,0,0.1,0.1,0.1,0.1,0.1,0.1,0.1,0.1,0.1,0.1,0.1,0.1,0.1,0.1,0,0.1,0.1,0.1,0.1,0.1,0.1,0.1,0.1,0.1,,,
Latin America & the Caribbean (IDA & IBRD countries),TLA,Renewable energy consumption (% of total final energy consumption),EG.FEC.RNEW.ZS,,,,,,,,,,,,,,,,,,,,,,,,,,,,,,,32.36788118,31.70321708,31.36696794,30.97430286,30.63964437,30.3146251,29.34380436,28.68071312,28.69935151,29.22648931,28.5774087,27.98577549,28.62896404,29.19282895,29.00321304,29.18681407,29.28839604,29.41629069,29.50664034,30.36699465,29.41856919,28.77139617,28.20929311,28.00913359,27.92345653,28.48813571,29.14848357,29.64088308,30.49537933,30.87308495,34.49896325,,,,
Timor-Leste,TLS,Renewable energy consumption (% of total final energy consumption),EG.FEC.RNEW.ZS,,,,,,,,,,,,,,,,,,,,,,,,,,,,,,,,,,,,,,,,,,,48.2,47.9,44,43.6,41.9,41.9,39.7,36.9,34.8,32.8,25.6,22.6,18.1,18,12.7,13.2,12.7,11.7,11.4,12.1,11.4,,
"Middle East, North Africa, Afghanistan & Pakistan (IDA & IBRD)",TMN,Renewable energy consumption (% of total final energy consumption),EG.FEC.RNEW.ZS,,,,,,,,,,,,,,,,,,,,,,,,,,,,,,,15.99714559,15.7188807,15.08076471,15.00613039,14.49578649,14.20884387,14.07811957,13.86042618,13.79996773,13.31623008,12.99200029,12.83682105,12.81368825,12.94204663,12.67632068,12.44484502,12.012538,11.41482056,11.16062876,11.07991581,11.19751214,11.05933089,11.03844564,11.14247289,11.04101706,11.28818087,11.14568515,10.94306096,10.95570392,11.47710718,11.20250855,,,,
Tonga,TON,Renewable energy consumption (% of total final energy consumption),EG.FEC.RNEW.ZS,,,,,,,,,,,,,,,,,,,,,,,,,,,,,,,1.4,1.3,1.6,1.4,1.2,1.2,1.5,1.3,1.2,1,2.5,2.7,2.5,2,2.1,2.1,1.9,2.2,2,1.8,1,1.1,1.1,1.6,1.7,1.9,2,2,1.8,1.8,1.9,1.8,2.3,,
South Asia (IDA & IBRD),TSA,Renewable energy consumption (% of total final energy consumption),EG.FEC.RNEW.ZS,,,,,,,,,,,,,,,,,,,,,,,,,,,,,,,55.63637229,54.69660648,54.15250203,54.07457736,52.94891817,51.81971612,51.26214518,50.07978351,50.15207402,49.28715393,49.17864448,49.16709936,47.93807884,47.667348,46.99979267,46.22241989,45.24530534,43.53226007,41.44806756,39.4741031,38.15666301,36.80927131,36.38518888,36.61075585,35.50965224,34.88341685,34.20747724,33.58888747,33.88349982,34.42935799,36.88646591,,,,
Sub-Saharan Africa (IDA & IBRD countries),TSS,Renewable energy consumption (% of total final energy consumption),EG.FEC.RNEW.ZS,,,,,,,,,,,,,,,,,,,,,,,,,,,,,,,70.72359427,71.40000749,72.05298793,72.97355913,73.68822879,73.30621961,72.41168332,71.58900025,72.27436056,72.80103181,72.64310595,72.52056264,72.00354221,71.31432365,70.80525212,70.52373308,70.61462025,70.11007504,69.97629642,70.03698312,70.55225258,69.95492148,68.96843045,67.8510971,67.63037077,68.02555158,67.96252382,67.81755447,67.66607132,68.16938502,70.27011339,,,,
Trinidad and Tobago,TTO,Renewable energy consumption (% of total final energy consumption),EG.FEC.RNEW.ZS,,,,,,,,,,,,,,,,,,,,,,,,,,,,,,,1.2,1.3,1.3,1.3,1.3,1.2,1,0.9,0.9,0.9,0.8,0.7,0.7,0.6,0.6,0.5,0.6,0.4,0.5,0.5,0.4,0.4,0.4,0.4,0.3,0.4,0.4,0.4,0.5,0.4,0.5,0.5,,,
Tunisia,TUN,Renewable energy consumption (% of total final energy consumption),EG.FEC.RNEW.ZS,,,,,,,,,,,,,,,,,,,,,,,,,,,,,,,14.5,14.8,14.2,13.9,14.2,14.4,14.4,14.4,14.5,14.5,14.2,14.2,14.6,14.1,13.9,14.2,14.3,14.3,14.6,16.1,12.6,13.2,13,13.2,12.9,12.5,12.4,11.8,11.9,12.2,12.9,11.6,,,
Turkiye,TUR,Renewable energy consumption (% of total final energy consumption),EG.FEC.RNEW.ZS,,,,,,,,,,,,,,,,,,,,,,,,,,,,,,,24.4,24,24,23.6,24,21.9,21,20.7,21.5,20.5,17.3,18.1,17.5,16.3,16.8,15.3,14.2,12.5,12.5,13.1,14.2,12.7,13,13.8,11.5,13.3,13.2,11.4,11.8,14.1,13.7,12,,,
Tuvalu,TUV,Renewable energy consumption (% of total final energy consumption),EG.FEC.RNEW.ZS,,,,,,,,,,,,,,,,,,,,,,,,,,,,,,,0,0,0,0,0,0,0,0,0,0,0,0,0,0,0,0,0,0,0.2,0.2,0.4,0.2,0.3,0.7,0.7,3,7.3,7,6.4,6.3,5,5,5.2,,
Tanzania,TZA,Renewable energy consumption (% of total final energy consumption),EG.FEC.RNEW.ZS,,,,,,,,,,,,,,,,,,,,,,,,,,,,,,,93.3,93.6,93.7,94.1,95.2,93.3,92.1,92.7,93.1,94.2,93.6,93.1,92.4,92.4,91.3,90.3,89.9,90.6,90.3,91,89.4,87.6,85.2,84.5,84.7,82.8,81.7,82,81.3,80.4,80.8,78.3,,,
Uganda,UGA,Renewable energy consumption (% of total final energy consumption),EG.FEC.RNEW.ZS,,,,,,,,,,,,,,,,,,,,,,,,,,,,,,,96.6,96.6,96.7,96.8,97.3,96.5,96.3,95.9,95.4,95.5,95.3,95.5,95.6,95.6,95.3,94.5,94.2,94.1,94.1,94.3,93.6,93.3,93.4,93.1,92.4,91.7,91.4,91.3,90.5,90.5,91.6,91,90.9,,
Ukraine,UKR,Renewable energy consumption (% of total final energy consumption),EG.FEC.RNEW.ZS,,,,,,,,,,,,,,,,,,,,,,,,,,,,,,,0.7,0.7,0.6,0.9,1.1,1,0.9,1,1.6,1.4,1.2,1.2,1,1,1.2,1.3,1.8,2.4,2.7,3,2.9,2.7,2.9,3.5,3.5,4.2,5.5,6.5,6.9,7.4,8.7,8.9,,,
Upper middle income,UMC,Renewable energy consumption (% of total final energy consumption),EG.FEC.RNEW.ZS,,,,,,,,,,,,,,,,,,,,,,,,,,,,,,,25.86644201,25.51585818,25.78137557,25.86371904,25.94541888,25.10728462,25.34263227,24.98830152,25.06464715,25.32933135,24.75769021,23.9539036,23.39360177,21.93602081,19.9726007,18.43043677,17.75882349,16.77747133,16.41441872,16.1102032,15.36315129,14.37855094,14.25898639,14.19344135,14.36878797,14.54291892,14.90968471,15.13181499,15.31281123,15.86409514,16.58534276,,,,
Uruguay,URY,Renewable energy consumption (% of total final energy consumption),EG.FEC.RNEW.ZS,,,,,,,,,,,,,,,,,,,,,,,,,,,,,,,44.8,43.7,43.3,42.7,42.2,41,37.5,37.7,36.9,33.3,38.7,41.6,43.2,43.8,39.3,41.3,37.6,43.2,44.1,44.6,53.3,49.7,47.9,51.9,56.7,59.4,60.3,60.8,60.8,59.3,61.2,57.8,,,
United States,USA,Renewable energy consumption (% of total final energy consumption),EG.FEC.RNEW.ZS,,,,,,,,,,,,,,,,,,,,,,,,,,,,,,,4.2,4.5,4.8,4.3,4.1,4.7,4.8,4.5,4.5,5.7,5.4,4.7,4.8,5.3,5.5,5.8,6.4,6.3,6.8,7.3,7.4,8.4,8.5,8.9,9,8.9,9.3,9.7,9.9,10.2,11,10.9,,,
Uzbekistan,UZB,Renewable energy consumption (% of total final energy consumption),EG.FEC.RNEW.ZS,,,,,,,,,,,,,,,,,,,,,,,,,,,,,,,1.3,1.2,1.4,1.6,1.6,1.5,1.7,1.4,1.2,1.5,0.7,0.8,1,1.4,1,1.6,0.8,0.9,0.8,1.2,1.3,0.9,1.3,1.2,1.4,1.7,1.6,1.7,1.5,1.6,1,1,,,
St. Vincent and the Grenadines,VCT,Renewable energy consumption (% of total final energy consumption),EG.FEC.RNEW.ZS,,,,,,,,,,,,,,,,,,,,,,,,,,,,,,,15.4,11.6,13.2,12.3,10.5,9.1,9,8.8,7.2,6.5,8.5,6.2,6.1,5.6,5.9,5.8,5.3,4.7,5.3,4.1,5.1,6.1,5,5.4,3.3,4.3,4.1,5.3,4.9,5.4,5.2,5,5.1,,
"Venezuela, RB",VEN,Renewable energy consumption (% of total final energy consumption),EG.FEC.RNEW.ZS,,,,,,,,,,,,,,,,,,,,,,,,,,,,,,,12,13.2,14.2,13.2,13.8,13.2,12.9,13.9,13.7,15,15.3,14,12.8,13.4,14.6,14.2,15.6,16.6,16.4,16.2,13.8,14.8,13.8,15.4,12.1,15.4,14.6,14.3,14.6,15.8,31.2,33.7,,,
British Virgin Islands,VGB,Renewable energy consumption (% of total final energy consumption),EG.FEC.RNEW.ZS,,,,,,,,,,,,,,,,,,,,,,,,,,,,,,,1.3,1.4,1.1,1.2,1.1,1.1,0.9,1,1,0.9,0.9,0.9,0.8,0.8,0.8,0.8,0.7,0.7,0.7,0.7,0.7,0.9,0.9,1,1,1,1,1.1,1.2,1.2,1.3,1.3,1.3,,
Virgin Islands (U.S.),VIR,Renewable energy consumption (% of total final energy consumption),EG.FEC.RNEW.ZS,,,,,,,,,,,,,,,,,,,,,,,,,,,,,,,0.5,0.5,0.5,0.5,0.5,0.5,0.5,0.5,0.5,0.5,0.5,0.6,0.6,0.6,0.6,0.7,0.7,0.7,0.7,0.8,0.7,1.2,2,2.9,4.2,5.6,5.7,5.3,5.8,6.2,5.9,5.9,5.9,,
Viet Nam,VNM,Renewable energy consumption (% of total final energy consumption),EG.FEC.RNEW.ZS,,,,,,,,,,,,,,,,,,,,,,,,,,,,,,,75.9,75.5,74.5,70.6,67.8,64.9,62.6,60.5,59.2,59.3,57.7,56.1,52.2,50.8,45.8,44.1,44.2,41.9,39.3,37,34.6,36.3,37.9,37.4,36.7,27.8,26.8,28.3,24.3,20.4,18.9,24.2,,,
Vanuatu,VUT,Renewable energy consumption (% of total final energy consumption),EG.FEC.RNEW.ZS,,,,,,,,,,,,,,,,,,,,,,,,,,,,,,,27.6,31.9,37.3,40.3,43.5,45.4,44.3,46.7,49.3,50.5,49.5,51.3,53.3,52.7,55.4,54.9,55.3,51.6,52.1,38.7,38.1,35.8,39,40.9,31.5,35.6,33.1,35.7,29.7,31.6,26,24.6,25,,
World,WLD,Renewable energy consumption (% of total final energy consumption),EG.FEC.RNEW.ZS,,,,,,,,,,,,,,,,,,,,,,,,,,,,,,,16.67617285,16.82750923,17.1858872,17.20743955,17.35727122,17.42434681,17.44508907,17.47434328,17.61828793,17.87782592,17.5262814,17.21410125,17.22065579,17.06747063,16.78347915,16.63709933,16.72907722,16.53746603,16.65698179,17.06549936,16.74148151,16.69872056,16.89621508,17.16924642,17.32999516,17.40350827,17.62810849,17.8541835,18.10522707,18.57516414,19.73556411,,,,
Samoa,WSM,Renewable energy consumption (% of total final energy consumption),EG.FEC.RNEW.ZS,,,,,,,,,,,,,,,,,,,,,,,,,,,,,,,64,61.8,60.6,59.2,60,58.6,58.2,59.1,58,57.9,59.7,52.4,49.6,52.4,48.8,48.9,46,43.2,45,43.2,41.9,40.6,40.2,42.6,41.4,37.1,36.8,35.8,36.6,34.2,35.6,36,35.9,,
Kosovo,XKX,Renewable energy consumption (% of total final energy consumption),EG.FEC.RNEW.ZS,,,,,,,,,,,,,,,,,,,,,,,,,,,,,,,,,,,,,,,,,,,,,,,,,,,,,,,,,,,,,,,,,
"Yemen, Rep.",YEM,Renewable energy consumption (% of total final energy consumption),EG.FEC.RNEW.ZS,,,,,,,,,,,,,,,,,,,,,,,,,,,,,,,1.8,1.4,1.3,1.5,1.4,1.2,1.2,1.1,1.1,1,0.9,0.9,0.9,0.8,0.8,0.7,0.8,0.8,0.7,0.7,0.8,0.9,1.1,0.8,0.8,2,2.6,3,2.9,3,3.5,3.7,,,
South Africa,ZAF,Renewable energy consumption (% of total final energy consumption),EG.FEC.RNEW.ZS,,,,,,,,,,,,,,,,,,,,,,,,,,,,,,,16.6,17.5,18.4,18.6,18.6,18.1,17.4,17.1,17.3,17.7,16.2,15,13.3,11.8,11,9.7,9.3,8.7,9.7,9.2,9.4,9,8.3,7.8,7.6,7.6,7.8,7.9,8,8.7,9.8,9.7,,,
Zambia,ZMB,Renewable energy consumption (% of total final energy consumption),EG.FEC.RNEW.ZS,,,,,,,,,,,,,,,,,,,,,,,,,,,,,,,83,82.3,82.7,85.2,86.9,87.1,89.6,87,87.8,89.8,90,89.8,89.6,89.3,89.4,88.9,89.7,90.7,89.8,89.2,89.2,87.9,85.4,85.3,84.6,84,84,83.5,83.8,86.1,85.4,83,,,
Zimbabwe,ZWE,Renewable energy consumption (% of total final energy consumption),EG.FEC.RNEW.ZS,,,,,,,,,,,,,,,,,,,,,,,,,,,,,,,64,63.7,64.4,64.4,68.5,67.1,66.7,67.4,67.8,64.4,69.5,72.3,74.7,78,81.8,80.3,78.7,78,81.6,82.6,81.2,77.2,77,79.3,80.8,80.8,81.7,82,79.7,81,84.1,82.4,,,
